date,oas
1996-12-31,313
1997-01-02,306
1997-01-03,309
1997-01-06,310
1997-01-07,310
1997-01-08,307
1997-01-09,313
1997-01-10,316
1997-01-13,304
1997-01-14,309
1997-01-15,307
1997-01-16,302
1997-01-17,304
1997-01-20,303
1997-01-21,305
1997-01-22,299
1997-01-23,297
1997-01-24,294
1997-01-27,290
1997-01-28,292
1997-01-29,294
1997-01-30,297
1997-01-31,304
1997-02-03,308
1997-02-04,308
1997-02-05,305
1997-02-06,303
1997-02-07,306
1997-02-10,304
1997-02-11,303
1997-02-12,301
1997-02-13,304
1997-02-14,305
1997-02-18,301
1997-02-19,298
1997-02-20,289
1997-02-21,289
1997-02-24,285
1997-02-25,283
1997-02-26,271
1997-02-27,271
1997-02-28,273
1997-03-03,271
1997-03-04,267
1997-03-05,271
1997-03-06,270
1997-03-07,274
1997-03-10,274
1997-03-11,272
1997-03-12,269
1997-03-13,262
1997-03-14,266
1997-03-17,266
1997-03-18,267
1997-03-19,267
1997-03-20,268
1997-03-21,269
1997-03-24,271
1997-03-25,269
1997-03-26,271
1997-03-27,267
1997-03-31,284
1997-04-01,290
1997-04-02,294
1997-04-03,295
1997-04-04,292
1997-04-07,295
1997-04-08,293
1997-04-09,291
1997-04-10,292
1997-04-11,287
1997-04-14,288
1997-04-15,293
1997-04-16,291
1997-04-17,292
1997-04-18,291
1997-04-21,287
1997-04-22,289
1997-04-23,283
1997-04-24,278
1997-04-25,278
1997-04-28,281
1997-04-29,291
1997-04-30,294
1997-05-01,291
1997-05-02,290
1997-05-05,286
1997-05-06,283
1997-05-07,279
1997-05-08,279
1997-05-09,281
1997-05-12,282
1997-05-13,273
1997-05-14,269
1997-05-15,270
1997-05-16,268
1997-05-19,267
1997-05-20,269
1997-05-21,267
1997-05-22,263
1997-05-23,264
1997-05-27,260
1997-05-28,261
1997-05-29,261
1997-05-30,265
1997-05-31,268
1997-06-02,266
1997-06-03,268
1997-06-04,265
1997-06-05,260
1997-06-06,270
1997-06-09,259
1997-06-10,256
1997-06-11,255
1997-06-12,259
1997-06-13,262
1997-06-16,260
1997-06-17,258
1997-06-18,262
1997-06-19,261
1997-06-20,264
1997-06-23,261
1997-06-24,260
1997-06-25,259
1997-06-26,261
1997-06-27,263
1997-06-30,267
1997-07-01,270
1997-07-02,271
1997-07-03,279
1997-07-07,282
1997-07-08,280
1997-07-09,280
1997-07-10,278
1997-07-11,276
1997-07-14,271
1997-07-15,269
1997-07-16,271
1997-07-17,270
1997-07-18,267
1997-07-21,266
1997-07-22,272
1997-07-23,269
1997-07-24,269
1997-07-25,266
1997-07-28,268
1997-07-29,270
1997-07-30,273
1997-07-31,271
1997-08-01,257
1997-08-04,255
1997-08-05,255
1997-08-06,256
1997-08-07,252
1997-08-08,249
1997-08-11,250
1997-08-12,251
1997-08-13,253
1997-08-14,254
1997-08-15,256
1997-08-18,261
1997-08-19,260
1997-08-20,258
1997-08-21,255
1997-08-22,252
1997-08-25,250
1997-08-26,251
1997-08-27,251
1997-08-28,257
1997-08-29,254
1997-08-31,259
1997-09-02,262
1997-09-03,260
1997-09-04,261
1997-09-05,260
1997-09-08,260
1997-09-09,259
1997-09-10,255
1997-09-11,255
1997-09-12,262
1997-09-15,261
1997-09-16,269
1997-09-17,265
1997-09-18,259
1997-09-19,259
1997-09-22,259
1997-09-23,257
1997-09-24,261
1997-09-25,254
1997-09-26,257
1997-09-29,255
1997-09-30,259
1997-10-01,263
1997-10-02,263
1997-10-03,261
1997-10-06,263
1997-10-07,262
1997-10-08,249
1997-10-09,251
1997-10-10,251
1997-10-13,254
1997-10-14,251
1997-10-15,248
1997-10-16,247
1997-10-17,244
1997-10-20,245
1997-10-21,245
1997-10-22,246
1997-10-23,255
1997-10-24,258
1997-10-27,284
1997-10-28,282
1997-10-29,283
1997-10-30,289
1997-10-31,299
1997-11-03,291
1997-11-04,284
1997-11-05,281
1997-11-06,283
1997-11-07,283
1997-11-10,281
1997-11-11,280
1997-11-12,283
1997-11-13,286
1997-11-14,288
1997-11-17,289
1997-11-18,288
1997-11-19,291
1997-11-20,289
1997-11-21,290
1997-11-24,287
1997-11-25,287
1997-11-26,285
1997-11-27,285
1997-11-28,284
1997-11-30,290
1997-12-01,290
1997-12-02,287
1997-12-03,288
1997-12-04,287
1997-12-05,281
1997-12-08,277
1997-12-09,279
1997-12-10,282
1997-12-11,288
1997-12-12,294
1997-12-15,289
1997-12-16,290
1997-12-17,287
1997-12-18,289
1997-12-19,293
1997-12-22,293
1997-12-23,294
1997-12-24,294
1997-12-26,293
1997-12-29,292
1997-12-30,291
1997-12-31,296
1998-01-02,302
1998-01-05,309
1998-01-06,310
1998-01-07,307
1998-01-08,310
1998-01-09,316
1998-01-12,316
1998-01-13,314
1998-01-14,310
1998-01-15,307
1998-01-16,301
1998-01-19,301
1998-01-20,298
1998-01-21,299
1998-01-22,298
1998-01-23,290
1998-01-26,292
1998-01-27,289
1998-01-28,289
1998-01-29,295
1998-01-30,298
1998-01-31,300
1998-02-02,296
1998-02-03,298
1998-02-04,298
1998-02-05,294
1998-02-06,293
1998-02-09,292
1998-02-10,293
1998-02-11,296
1998-02-12,295
1998-02-13,297
1998-02-16,296
1998-02-17,294
1998-02-18,294
1998-02-19,293
1998-02-20,291
1998-02-23,288
1998-02-24,283
1998-02-25,287
1998-02-26,286
1998-02-27,288
1998-02-28,287
1998-03-02,280
1998-03-03,279
1998-03-04,281
1998-03-05,282
1998-03-06,285
1998-03-09,288
1998-03-10,289
1998-03-11,289
1998-03-12,293
1998-03-13,291
1998-03-16,291
1998-03-17,288
1998-03-18,285
1998-03-19,284
1998-03-20,284
1998-03-23,283
1998-03-24,282
1998-03-25,278
1998-03-26,275
1998-03-27,273
1998-03-30,271
1998-03-31,283
1998-04-01,284
1998-04-02,288
1998-04-03,294
1998-04-06,289
1998-04-07,290
1998-04-08,287
1998-04-09,286
1998-04-13,281
1998-04-14,285
1998-04-15,284
1998-04-16,286
1998-04-17,285
1998-04-20,282
1998-04-21,280
1998-04-22,280
1998-04-23,280
1998-04-24,281
1998-04-27,279
1998-04-28,278
1998-04-29,279
1998-04-30,298
1998-05-01,298
1998-05-04,295
1998-05-05,293
1998-05-06,297
1998-05-07,297
1998-05-08,295
1998-05-11,290
1998-05-12,298
1998-05-13,300
1998-05-14,298
1998-05-15,297
1998-05-18,302
1998-05-19,302
1998-05-20,304
1998-05-21,300
1998-05-22,301
1998-05-25,301
1998-05-26,304
1998-05-27,305
1998-05-28,304
1998-05-29,305
1998-05-31,318
1998-06-01,320
1998-06-02,318
1998-06-03,318
1998-06-04,315
1998-06-05,316
1998-06-08,315
1998-06-09,315
1998-06-10,320
1998-06-11,324
1998-06-12,326
1998-06-15,330
1998-06-16,329
1998-06-17,325
1998-06-18,326
1998-06-19,328
1998-06-22,329
1998-06-23,331
1998-06-24,328
1998-06-25,328
1998-06-26,328
1998-06-29,327
1998-06-30,337
1998-07-01,339
1998-07-02,341
1998-07-03,341
1998-07-06,342
1998-07-07,339
1998-07-08,336
1998-07-09,339
1998-07-10,338
1998-07-13,334
1998-07-14,333
1998-07-15,330
1998-07-16,329
1998-07-17,329
1998-07-20,330
1998-07-21,330
1998-07-22,329
1998-07-23,331
1998-07-24,330
1998-07-27,330
1998-07-28,326
1998-07-29,329
1998-07-30,330
1998-07-31,338
1998-08-03,342
1998-08-04,348
1998-08-05,350
1998-08-06,350
1998-08-07,355
1998-08-10,358
1998-08-11,375
1998-08-12,376
1998-08-13,376
1998-08-14,378
1998-08-17,383
1998-08-18,384
1998-08-19,386
1998-08-20,390
1998-08-21,409
1998-08-24,416
1998-08-25,423
1998-08-26,436
1998-08-27,470
1998-08-28,487
1998-08-31,520
1998-09-01,526
1998-09-02,526
1998-09-03,533
1998-09-04,536
1998-09-07,535
1998-09-08,530
1998-09-09,543
1998-09-10,568
1998-09-11,570
1998-09-14,567
1998-09-15,566
1998-09-16,567
1998-09-17,570
1998-09-18,579
1998-09-21,578
1998-09-22,572
1998-09-23,572
1998-09-24,573
1998-09-25,576
1998-09-28,574
1998-09-29,576
1998-09-30,595
1998-10-01,606
1998-10-02,611
1998-10-05,629
1998-10-06,627
1998-10-07,621
1998-10-08,639
1998-10-09,632
1998-10-12,632
1998-10-13,637
1998-10-14,659
1998-10-15,667
1998-10-16,678
1998-10-19,678
1998-10-20,665
1998-10-21,659
1998-10-22,649
1998-10-23,637
1998-10-26,638
1998-10-27,643
1998-10-28,649
1998-10-29,650
1998-10-30,636
1998-10-31,652
1998-11-02,633
1998-11-03,627
1998-11-04,611
1998-11-05,609
1998-11-06,595
1998-11-09,593
1998-11-10,588
1998-11-11,585
1998-11-12,582
1998-11-13,573
1998-11-16,562
1998-11-17,553
1998-11-18,554
1998-11-19,547
1998-11-20,545
1998-11-23,541
1998-11-24,536
1998-11-25,533
1998-11-26,533
1998-11-27,534
1998-11-30,544
1998-12-01,548
1998-12-02,555
1998-12-03,555
1998-12-04,553
1998-12-07,545
1998-12-08,554
1998-12-09,556
1998-12-10,561
1998-12-11,556
1998-12-14,564
1998-12-15,559
1998-12-16,564
1998-12-17,564
1998-12-18,563
1998-12-21,558
1998-12-22,553
1998-12-23,543
1998-12-24,539
1998-12-28,544
1998-12-29,548
1998-12-30,551
1998-12-31,566
1999-01-04,563
1999-01-05,557
1999-01-06,556
1999-01-07,553
1999-01-08,541
1999-01-11,537
1999-01-12,546
1999-01-13,560
1999-01-14,567
1999-01-15,562
1999-01-18,563
1999-01-19,555
1999-01-20,549
1999-01-21,554
1999-01-22,559
1999-01-25,556
1999-01-26,554
1999-01-27,554
1999-01-28,553
1999-01-29,553
1999-01-31,560
1999-02-01,554
1999-02-02,549
1999-02-03,545
1999-02-04,541
1999-02-05,536
1999-02-08,536
1999-02-09,541
1999-02-10,535
1999-02-11,533
1999-02-12,524
1999-02-15,522
1999-02-16,525
1999-02-17,529
1999-02-18,523
1999-02-19,523
1999-02-22,531
1999-02-23,526
1999-02-24,522
1999-02-25,515
1999-02-26,521
1999-02-28,521
1999-03-01,515
1999-03-02,524
1999-03-03,520
1999-03-04,520
1999-03-05,528
1999-03-08,530
1999-03-09,534
1999-03-10,529
1999-03-11,527
1999-03-12,529
1999-03-15,528
1999-03-16,530
1999-03-17,528
1999-03-18,529
1999-03-19,521
1999-03-22,518
1999-03-23,523
1999-03-24,522
1999-03-25,517
1999-03-26,518
1999-03-29,514
1999-03-30,519
1999-03-31,519
1999-04-01,511
1999-04-02,517
1999-04-05,518
1999-04-06,518
1999-04-07,513
1999-04-08,518
1999-04-09,516
1999-04-12,514
1999-04-13,509
1999-04-14,505
1999-04-15,500
1999-04-16,496
1999-04-19,499
1999-04-20,502
1999-04-21,500
1999-04-22,493
1999-04-23,493
1999-04-26,495
1999-04-27,495
1999-04-28,492
1999-04-29,498
1999-04-30,476
1999-05-03,470
1999-05-04,465
1999-05-05,471
1999-05-06,461
1999-05-07,462
1999-05-10,467
1999-05-11,465
1999-05-12,468
1999-05-13,476
1999-05-14,466
1999-05-17,464
1999-05-18,460
1999-05-19,469
1999-05-20,472
1999-05-21,477
1999-05-24,481
1999-05-25,481
1999-05-26,478
1999-05-27,472
1999-05-28,474
1999-05-31,475
1999-06-01,465
1999-06-02,465
1999-06-03,469
1999-06-04,470
1999-06-07,472
1999-06-08,469
1999-06-09,464
1999-06-10,466
1999-06-11,460
1999-06-14,465
1999-06-15,463
1999-06-16,466
1999-06-17,477
1999-06-18,473
1999-06-21,468
1999-06-22,466
1999-06-23,461
1999-06-24,458
1999-06-25,460
1999-06-28,466
1999-06-29,469
1999-06-30,487
1999-07-01,479
1999-07-02,479
1999-07-05,480
1999-07-06,475
1999-07-07,474
1999-07-08,479
1999-07-09,478
1999-07-12,487
1999-07-13,486
1999-07-14,482
1999-07-15,477
1999-07-16,479
1999-07-19,482
1999-07-20,483
1999-07-21,483
1999-07-22,478
1999-07-23,477
1999-07-26,477
1999-07-27,485
1999-07-28,486
1999-07-29,482
1999-07-30,481
1999-07-31,466
1999-08-02,466
1999-08-03,469
1999-08-04,475
1999-08-05,484
1999-08-06,474
1999-08-09,465
1999-08-10,469
1999-08-11,473
1999-08-12,470
1999-08-13,478
1999-08-16,476
1999-08-17,483
1999-08-18,487
1999-08-19,487
1999-08-20,489
1999-08-23,489
1999-08-24,494
1999-08-25,503
1999-08-26,500
1999-08-27,493
1999-08-30,488
1999-08-31,490
1999-09-01,491
1999-09-02,490
1999-09-03,499
1999-09-06,499
1999-09-07,494
1999-09-08,496
1999-09-09,494
1999-09-10,501
1999-09-13,500
1999-09-14,498
1999-09-15,501
1999-09-16,505
1999-09-17,507
1999-09-20,506
1999-09-21,507
1999-09-22,509
1999-09-23,515
1999-09-24,526
1999-09-27,522
1999-09-28,517
1999-09-29,510
1999-09-30,507
1999-10-01,506
1999-10-04,505
1999-10-05,512
1999-10-06,503
1999-10-07,499
1999-10-08,500
1999-10-11,499
1999-10-12,496
1999-10-13,498
1999-10-14,493
1999-10-15,494
1999-10-18,499
1999-10-19,499
1999-10-20,491
1999-10-21,497
1999-10-22,493
1999-10-25,489
1999-10-26,494
1999-10-27,499
1999-10-28,508
1999-10-29,517
1999-10-31,513
1999-11-01,513
1999-11-02,515
1999-11-03,514
1999-11-04,514
1999-11-05,516
1999-11-08,515
1999-11-09,513
1999-11-10,512
1999-11-11,514
1999-11-12,518
1999-11-15,517
1999-11-16,513
1999-11-17,510
1999-11-18,507
1999-11-19,505
1999-11-22,502
1999-11-23,501
1999-11-24,499
1999-11-25,500
1999-11-26,497
1999-11-29,490
1999-11-30,491
1999-12-01,486
1999-12-02,489
1999-12-03,491
1999-12-06,492
1999-12-07,493
1999-12-08,485
1999-12-09,486
1999-12-10,488
1999-12-13,487
1999-12-14,479
1999-12-15,473
1999-12-16,472
1999-12-17,472
1999-12-20,469
1999-12-21,468
1999-12-22,466
1999-12-23,466
1999-12-24,466
1999-12-27,468
1999-12-28,466
1999-12-29,470
1999-12-30,471
1999-12-31,476
2000-01-03,468
2000-01-04,481
2000-01-05,477
2000-01-06,482
2000-01-07,486
2000-01-10,481
2000-01-11,474
2000-01-12,472
2000-01-13,482
2000-01-14,477
2000-01-17,477
2000-01-18,475
2000-01-19,477
2000-01-20,474
2000-01-21,473
2000-01-24,482
2000-01-25,481
2000-01-26,481
2000-01-27,480
2000-01-28,480
2000-01-31,487
2000-02-01,487
2000-02-02,486
2000-02-03,499
2000-02-04,487
2000-02-07,482
2000-02-08,482
2000-02-09,479
2000-02-10,477
2000-02-11,481
2000-02-14,488
2000-02-15,483
2000-02-16,486
2000-02-17,482
2000-02-18,490
2000-02-21,490
2000-02-22,502
2000-02-23,494
2000-02-24,504
2000-02-25,507
2000-02-28,501
2000-02-29,508
2000-03-01,511
2000-03-02,511
2000-03-03,513
2000-03-06,510
2000-03-07,515
2000-03-08,516
2000-03-09,519
2000-03-10,516
2000-03-13,521
2000-03-14,529
2000-03-15,534
2000-03-16,540
2000-03-17,541
2000-03-20,542
2000-03-21,546
2000-03-22,551
2000-03-23,555
2000-03-24,547
2000-03-27,547
2000-03-28,557
2000-03-29,568
2000-03-30,584
2000-03-31,575
2000-04-03,578
2000-04-04,594
2000-04-05,594
2000-04-06,587
2000-04-07,590
2000-04-10,595
2000-04-11,589
2000-04-12,582
2000-04-13,587
2000-04-14,592
2000-04-17,584
2000-04-18,581
2000-04-19,585
2000-04-20,585
2000-04-24,588
2000-04-25,577
2000-04-26,577
2000-04-27,569
2000-04-28,571
2000-04-30,588
2000-05-01,583
2000-05-02,579
2000-05-03,577
2000-05-04,574
2000-05-05,573
2000-05-08,572
2000-05-09,575
2000-05-10,582
2000-05-11,584
2000-05-12,578
2000-05-15,578
2000-05-16,582
2000-05-17,583
2000-05-18,580
2000-05-19,589
2000-05-22,595
2000-05-23,599
2000-05-24,601
2000-05-25,613
2000-05-26,618
2000-05-29,619
2000-05-30,615
2000-05-31,616
2000-06-01,622
2000-06-02,621
2000-06-05,623
2000-06-06,620
2000-06-07,618
2000-06-08,618
2000-06-09,612
2000-06-12,615
2000-06-13,615
2000-06-14,618
2000-06-15,612
2000-06-16,619
2000-06-19,618
2000-06-20,614
2000-06-21,607
2000-06-22,606
2000-06-23,599
2000-06-26,605
2000-06-27,605
2000-06-28,604
2000-06-29,611
2000-06-30,617
2000-07-03,620
2000-07-04,621
2000-07-05,621
2000-07-06,618
2000-07-07,620
2000-07-10,617
2000-07-11,614
2000-07-12,614
2000-07-13,618
2000-07-14,606
2000-07-17,598
2000-07-18,597
2000-07-19,598
2000-07-20,610
2000-07-21,611
2000-07-24,607
2000-07-25,609
2000-07-26,606
2000-07-27,613
2000-07-28,615
2000-07-31,626
2000-08-01,631
2000-08-02,633
2000-08-03,633
2000-08-04,638
2000-08-07,633
2000-08-08,634
2000-08-09,633
2000-08-10,637
2000-08-11,633
2000-08-14,637
2000-08-15,634
2000-08-16,634
2000-08-17,636
2000-08-18,640
2000-08-21,640
2000-08-22,639
2000-08-23,643
2000-08-24,644
2000-08-25,642
2000-08-28,636
2000-08-29,630
2000-08-30,628
2000-08-31,643
2000-09-01,648
2000-09-04,649
2000-09-05,641
2000-09-06,637
2000-09-07,630
2000-09-08,632
2000-09-11,630
2000-09-12,631
2000-09-13,635
2000-09-14,633
2000-09-15,630
2000-09-18,635
2000-09-19,641
2000-09-20,643
2000-09-21,645
2000-09-22,650
2000-09-25,649
2000-09-26,656
2000-09-27,665
2000-09-28,669
2000-09-29,672
2000-09-30,677
2000-10-02,677
2000-10-03,674
2000-10-04,677
2000-10-05,684
2000-10-06,687
2000-10-09,689
2000-10-10,696
2000-10-11,711
2000-10-12,721
2000-10-13,731
2000-10-16,728
2000-10-17,747
2000-10-18,758
2000-10-19,758
2000-10-20,759
2000-10-23,765
2000-10-24,761
2000-10-25,755
2000-10-26,762
2000-10-27,762
2000-10-30,762
2000-10-31,779
2000-11-01,775
2000-11-02,780
2000-11-03,775
2000-11-06,773
2000-11-07,775
2000-11-08,773
2000-11-09,781
2000-11-10,785
2000-11-13,790
2000-11-14,790
2000-11-15,791
2000-11-16,796
2000-11-17,799
2000-11-20,809
2000-11-21,824
2000-11-22,837
2000-11-23,837
2000-11-24,836
2000-11-27,842
2000-11-28,851
2000-11-29,869
2000-11-30,906
2000-12-01,898
2000-12-04,906
2000-12-05,910
2000-12-06,912
2000-12-07,913
2000-12-08,909
2000-12-11,902
2000-12-12,894
2000-12-13,889
2000-12-14,894
2000-12-15,888
2000-12-18,891
2000-12-19,887
2000-12-20,898
2000-12-21,905
2000-12-22,906
2000-12-26,907
2000-12-27,904
2000-12-28,900
2000-12-29,900
2000-12-31,916
2001-01-02,936
2001-01-03,913
2001-01-04,911
2001-01-05,912
2001-01-08,906
2001-01-09,888
2001-01-10,873
2001-01-11,856
2001-01-12,838
2001-01-15,832
2001-01-16,833
2001-01-17,831
2001-01-18,836
2001-01-19,821
2001-01-22,817
2001-01-23,809
2001-01-24,805
2001-01-25,805
2001-01-26,805
2001-01-29,803
2001-01-30,802
2001-01-31,787
2001-02-01,783
2001-02-02,773
2001-02-05,769
2001-02-06,762
2001-02-07,764
2001-02-08,760
2001-02-09,763
2001-02-12,760
2001-02-13,756
2001-02-14,749
2001-02-15,738
2001-02-16,749
2001-02-19,750
2001-02-20,751
2001-02-21,754
2001-02-22,760
2001-02-23,767
2001-02-26,769
2001-02-27,768
2001-02-28,770
2001-03-01,768
2001-03-02,764
2001-03-05,761
2001-03-06,759
2001-03-07,761
2001-03-08,759
2001-03-09,753
2001-03-12,760
2001-03-13,763
2001-03-14,784
2001-03-15,788
2001-03-16,800
2001-03-19,802
2001-03-20,809
2001-03-21,822
2001-03-22,840
2001-03-23,830
2001-03-26,820
2001-03-27,803
2001-03-28,808
2001-03-29,813
2001-03-30,820
2001-03-31,818
2001-04-02,821
2001-04-03,848
2001-04-04,861
2001-04-05,863
2001-04-06,875
2001-04-09,878
2001-04-10,855
2001-04-11,850
2001-04-12,844
2001-04-16,830
2001-04-17,840
2001-04-18,846
2001-04-19,861
2001-04-20,864
2001-04-23,890
2001-04-24,902
2001-04-25,826
2001-04-26,829
2001-04-27,817
2001-04-30,806
2001-05-01,795
2001-05-02,780
2001-05-03,783
2001-05-04,786
2001-05-07,785
2001-05-08,783
2001-05-09,788
2001-05-10,779
2001-05-11,760
2001-05-14,770
2001-05-15,761
2001-05-16,766
2001-05-17,765
2001-05-18,763
2001-05-21,760
2001-05-22,761
2001-05-23,762
2001-05-24,753
2001-05-25,753
2001-05-28,755
2001-05-29,752
2001-05-30,756
2001-05-31,768
2001-06-01,765
2001-06-04,769
2001-06-05,776
2001-06-06,775
2001-06-07,771
2001-06-08,767
2001-06-11,771
2001-06-12,778
2001-06-13,786
2001-06-14,809
2001-06-15,804
2001-06-18,819
2001-06-19,828
2001-06-20,838
2001-06-21,840
2001-06-22,847
2001-06-25,845
2001-06-26,842
2001-06-27,834
2001-06-28,829
2001-06-29,816
2001-06-30,816
2001-07-02,818
2001-07-03,810
2001-07-04,811
2001-07-05,807
2001-07-06,813
2001-07-09,813
2001-07-10,820
2001-07-11,821
2001-07-12,828
2001-07-13,827
2001-07-16,828
2001-07-17,831
2001-07-18,845
2001-07-19,842
2001-07-20,839
2001-07-23,837
2001-07-24,837
2001-07-25,831
2001-07-26,827
2001-07-27,828
2001-07-30,832
2001-07-31,827
2001-08-01,809
2001-08-02,795
2001-08-03,792
2001-08-06,791
2001-08-07,787
2001-08-08,795
2001-08-09,793
2001-08-10,799
2001-08-13,807
2001-08-14,804
2001-08-15,796
2001-08-16,801
2001-08-17,811
2001-08-20,807
2001-08-21,812
2001-08-22,811
2001-08-23,815
2001-08-24,813
2001-08-27,814
2001-08-28,819
2001-08-29,823
2001-08-30,823
2001-08-31,805
2001-09-03,804
2001-09-04,787
2001-09-05,795
2001-09-06,809
2001-09-07,822
2001-09-10,822
2001-09-14,941
2001-09-17,958
2001-09-18,951
2001-09-19,960
2001-09-20,969
2001-09-21,989
2001-09-24,995
2001-09-25,988
2001-09-26,997
2001-09-27,1007
2001-09-28,1025
2001-09-30,1018
2001-10-01,1014
2001-10-02,1017
2001-10-03,1014
2001-10-04,1011
2001-10-05,1010
2001-10-08,1006
2001-10-09,1000
2001-10-10,992
2001-10-11,981
2001-10-12,977
2001-10-15,965
2001-10-16,963
2001-10-17,961
2001-10-18,961
2001-10-19,960
2001-10-22,960
2001-10-23,957
2001-10-24,961
2001-10-25,962
2001-10-26,962
2001-10-29,964
2001-10-30,973
2001-10-31,961
2001-11-01,956
2001-11-02,946
2001-11-05,948
2001-11-06,950
2001-11-07,953
2001-11-08,936
2001-11-09,929
2001-11-12,930
2001-11-13,924
2001-11-14,906
2001-11-15,862
2001-11-16,838
2001-11-19,848
2001-11-20,837
2001-11-21,825
2001-11-22,824
2001-11-23,815
2001-11-26,817
2001-11-27,818
2001-11-28,813
2001-11-29,833
2001-11-30,839
2001-12-03,838
2001-12-04,847
2001-12-05,825
2001-12-06,812
2001-12-07,801
2001-12-10,820
2001-12-11,831
2001-12-12,842
2001-12-13,833
2001-12-14,834
2001-12-17,817
2001-12-18,833
2001-12-19,841
2001-12-20,837
2001-12-21,832
2001-12-24,830
2001-12-26,826
2001-12-27,833
2001-12-28,833
2001-12-31,824
2002-01-02,812
2002-01-03,803
2002-01-04,799
2002-01-07,806
2002-01-08,805
2002-01-09,804
2002-01-10,808
2002-01-11,817
2002-01-14,817
2002-01-15,826
2002-01-16,827
2002-01-17,822
2002-01-18,828
2002-01-21,829
2002-01-22,827
2002-01-23,822
2002-01-24,818
2002-01-25,814
2002-01-28,811
2002-01-29,826
2002-01-30,829
2002-01-31,789
2002-02-01,781
2002-02-04,791
2002-02-05,798
2002-02-06,802
2002-02-07,802
2002-02-08,808
2002-02-11,809
2002-02-12,803
2002-02-13,799
2002-02-14,805
2002-02-15,811
2002-02-18,812
2002-02-19,812
2002-02-20,819
2002-02-21,820
2002-02-22,828
2002-02-25,831
2002-02-26,825
2002-02-27,831
2002-02-28,819
2002-03-01,799
2002-03-04,792
2002-03-05,783
2002-03-06,777
2002-03-07,751
2002-03-08,734
2002-03-11,733
2002-03-12,732
2002-03-13,736
2002-03-14,720
2002-03-15,718
2002-03-18,720
2002-03-19,718
2002-03-20,708
2002-03-21,710
2002-03-22,708
2002-03-25,706
2002-03-26,713
2002-03-27,713
2002-03-28,711
2002-03-31,708
2002-04-01,700
2002-04-02,706
2002-04-03,715
2002-04-04,715
2002-04-05,721
2002-04-08,718
2002-04-09,720
2002-04-10,715
2002-04-11,717
2002-04-12,726
2002-04-15,727
2002-04-16,721
2002-04-17,714
2002-04-18,713
2002-04-19,714
2002-04-22,718
2002-04-23,717
2002-04-24,720
2002-04-25,722
2002-04-26,724
2002-04-29,719
2002-04-30,688
2002-05-01,689
2002-05-02,687
2002-05-03,694
2002-05-06,696
2002-05-07,702
2002-05-08,689
2002-05-09,689
2002-05-10,697
2002-05-13,696
2002-05-14,689
2002-05-15,693
2002-05-16,705
2002-05-17,701
2002-05-20,707
2002-05-21,711
2002-05-22,715
2002-05-23,710
2002-05-24,708
2002-05-27,708
2002-05-28,709
2002-05-29,716
2002-05-30,722
2002-05-31,728
2002-06-03,727
2002-06-04,735
2002-06-05,731
2002-06-06,735
2002-06-07,741
2002-06-10,748
2002-06-11,757
2002-06-12,770
2002-06-13,775
2002-06-14,790
2002-06-17,785
2002-06-18,785
2002-06-19,797
2002-06-20,795
2002-06-21,814
2002-06-24,819
2002-06-25,827
2002-06-26,906
2002-06-27,914
2002-06-28,923
2002-06-30,874
2002-07-01,868
2002-07-02,893
2002-07-03,902
2002-07-04,902
2002-07-05,896
2002-07-08,898
2002-07-09,898
2002-07-10,906
2002-07-11,926
2002-07-12,926
2002-07-15,919
2002-07-16,913
2002-07-17,919
2002-07-18,926
2002-07-19,937
2002-07-22,949
2002-07-23,971
2002-07-24,996
2002-07-25,998
2002-07-26,1013
2002-07-29,1000
2002-07-30,999
2002-07-31,971
2002-08-01,955
2002-08-02,977
2002-08-05,992
2002-08-06,982
2002-08-07,990
2002-08-08,986
2002-08-09,993
2002-08-12,1001
2002-08-13,1016
2002-08-14,1021
2002-08-15,1003
2002-08-16,994
2002-08-19,995
2002-08-20,995
2002-08-21,990
2002-08-22,966
2002-08-23,963
2002-08-26,956
2002-08-27,944
2002-08-28,948
2002-08-29,951
2002-08-30,950
2002-08-31,962
2002-09-02,961
2002-09-03,977
2002-09-04,976
2002-09-05,983
2002-09-06,970
2002-09-09,971
2002-09-10,971
2002-09-11,961
2002-09-12,965
2002-09-13,967
2002-09-16,962
2002-09-17,961
2002-09-18,967
2002-09-19,984
2002-09-20,993
2002-09-23,1013
2002-09-24,1028
2002-09-25,1020
2002-09-26,1019
2002-09-27,1032
2002-09-30,1036
2002-10-01,1023
2002-10-02,1035
2002-10-03,1048
2002-10-04,1055
2002-10-07,1071
2002-10-08,1087
2002-10-09,1117
2002-10-10,1120
2002-10-11,1107
2002-10-14,1109
2002-10-15,1073
2002-10-16,1073
2002-10-17,1064
2002-10-18,1065
2002-10-21,1054
2002-10-22,1053
2002-10-23,1054
2002-10-24,1053
2002-10-25,1057
2002-10-28,1055
2002-10-29,1067
2002-10-30,1062
2002-10-31,1059
2002-11-01,1047
2002-11-04,1030
2002-11-05,1019
2002-11-06,1010
2002-11-07,1012
2002-11-08,1016
2002-11-11,1018
2002-11-12,1015
2002-11-13,1011
2002-11-14,994
2002-11-15,978
2002-11-18,970
2002-11-19,961
2002-11-20,939
2002-11-21,915
2002-11-22,904
2002-11-25,901
2002-11-26,914
2002-11-27,894
2002-11-28,894
2002-11-29,901
2002-11-30,883
2002-12-02,867
2002-12-03,867
2002-12-04,881
2002-12-05,889
2002-12-06,900
2002-12-09,908
2002-12-10,905
2002-12-11,909
2002-12-12,906
2002-12-13,899
2002-12-16,888
2002-12-17,890
2002-12-18,894
2002-12-19,903
2002-12-20,899
2002-12-23,900
2002-12-24,901
2002-12-26,902
2002-12-27,911
2002-12-30,913
2002-12-31,890
2003-01-02,865
2003-01-03,857
2003-01-06,841
2003-01-07,826
2003-01-08,818
2003-01-09,795
2003-01-10,792
2003-01-13,792
2003-01-14,796
2003-01-15,796
2003-01-16,799
2003-01-17,810
2003-01-20,811
2003-01-21,812
2003-01-22,823
2003-01-23,816
2003-01-24,821
2003-01-27,829
2003-01-28,825
2003-01-29,824
2003-01-30,825
2003-01-31,829
2003-02-03,821
2003-02-04,828
2003-02-05,823
2003-02-06,835
2003-02-07,839
2003-02-10,836
2003-02-11,835
2003-02-12,847
2003-02-13,868
2003-02-14,862
2003-02-17,858
2003-02-18,856
2003-02-19,853
2003-02-20,851
2003-02-21,841
2003-02-24,841
2003-02-25,844
2003-02-26,843
2003-02-27,840
2003-02-28,838
2003-03-03,829
2003-03-04,831
2003-03-05,833
2003-03-06,831
2003-03-07,834
2003-03-10,838
2003-03-11,833
2003-03-12,832
2003-03-13,816
2003-03-14,817
2003-03-17,804
2003-03-18,791
2003-03-19,788
2003-03-20,784
2003-03-21,769
2003-03-24,781
2003-03-25,780
2003-03-26,778
2003-03-27,776
2003-03-28,774
2003-03-31,772
2003-04-01,760
2003-04-02,736
2003-04-03,730
2003-04-04,724
2003-04-07,711
2003-04-08,721
2003-04-09,731
2003-04-10,728
2003-04-11,721
2003-04-14,712
2003-04-15,707
2003-04-16,704
2003-04-17,697
2003-04-21,691
2003-04-22,686
2003-04-23,670
2003-04-24,669
2003-04-25,668
2003-04-28,663
2003-04-29,653
2003-04-30,644
2003-05-01,637
2003-05-02,625
2003-05-05,624
2003-05-06,633
2003-05-07,644
2003-05-08,653
2003-05-09,652
2003-05-12,651
2003-05-13,651
2003-05-14,661
2003-05-15,654
2003-05-16,662
2003-05-19,665
2003-05-20,676
2003-05-21,680
2003-05-22,686
2003-05-23,687
2003-05-26,687
2003-05-27,687
2003-05-28,688
2003-05-29,687
2003-05-30,681
2003-05-31,679
2003-06-02,666
2003-06-03,674
2003-06-04,669
2003-06-05,658
2003-06-06,648
2003-06-09,651
2003-06-10,657
2003-06-11,649
2003-06-12,647
2003-06-13,644
2003-06-16,628
2003-06-17,611
2003-06-18,600
2003-06-19,602
2003-06-20,605
2003-06-23,620
2003-06-24,628
2003-06-25,614
2003-06-26,601
2003-06-27,599
2003-06-30,613
2003-07-01,614
2003-07-02,617
2003-07-03,611
2003-07-04,611
2003-07-07,605
2003-07-08,597
2003-07-09,596
2003-07-10,599
2003-07-11,604
2003-07-14,594
2003-07-15,573
2003-07-16,576
2003-07-17,575
2003-07-18,575
2003-07-21,557
2003-07-22,566
2003-07-23,572
2003-07-24,570
2003-07-25,572
2003-07-28,565
2003-07-29,563
2003-07-30,582
2003-07-31,566
2003-08-01,576
2003-08-04,584
2003-08-05,580
2003-08-06,606
2003-08-07,615
2003-08-08,613
2003-08-11,608
2003-08-12,612
2003-08-13,599
2003-08-14,606
2003-08-15,607
2003-08-18,605
2003-08-19,598
2003-08-20,581
2003-08-21,561
2003-08-22,561
2003-08-25,552
2003-08-26,555
2003-08-27,544
2003-08-28,550
2003-08-29,542
2003-08-31,546
2003-09-01,545
2003-09-02,519
2003-09-03,515
2003-09-04,524
2003-09-05,541
2003-09-08,535
2003-09-09,533
2003-09-10,541
2003-09-11,534
2003-09-12,541
2003-09-15,542
2003-09-16,538
2003-09-17,539
2003-09-18,529
2003-09-19,523
2003-09-22,526
2003-09-23,532
2003-09-24,534
2003-09-25,536
2003-09-26,544
2003-09-29,538
2003-09-30,549
2003-10-01,545
2003-10-02,535
2003-10-03,516
2003-10-06,523
2003-10-07,511
2003-10-08,509
2003-10-09,500
2003-10-10,501
2003-10-13,501
2003-10-14,487
2003-10-15,472
2003-10-16,460
2003-10-17,467
2003-10-20,465
2003-10-21,466
2003-10-22,480
2003-10-23,481
2003-10-24,487
2003-10-27,479
2003-10-28,486
2003-10-29,475
2003-10-30,466
2003-10-31,471
2003-11-03,464
2003-11-04,467
2003-11-05,461
2003-11-06,454
2003-11-07,451
2003-11-10,448
2003-11-11,448
2003-11-12,454
2003-11-13,468
2003-11-14,473
2003-11-17,473
2003-11-18,471
2003-11-19,463
2003-11-20,475
2003-11-21,474
2003-11-24,466
2003-11-25,462
2003-11-26,453
2003-11-27,453
2003-11-28,445
2003-11-30,448
2003-12-01,437
2003-12-02,435
2003-12-03,427
2003-12-04,426
2003-12-05,439
2003-12-08,429
2003-12-09,419
2003-12-10,422
2003-12-11,435
2003-12-12,434
2003-12-15,427
2003-12-16,431
2003-12-17,434
2003-12-18,434
2003-12-19,433
2003-12-22,428
2003-12-23,416
2003-12-24,425
2003-12-26,428
2003-12-29,422
2003-12-30,417
2003-12-31,418
2004-01-02,408
2004-01-05,397
2004-01-06,398
2004-01-07,392
2004-01-08,387
2004-01-09,401
2004-01-12,400
2004-01-13,405
2004-01-14,404
2004-01-15,398
2004-01-16,394
2004-01-19,393
2004-01-20,389
2004-01-21,388
2004-01-22,390
2004-01-23,379
2004-01-26,376
2004-01-27,388
2004-01-28,381
2004-01-29,392
2004-01-30,403
2004-01-31,405
2004-02-02,406
2004-02-03,417
2004-02-04,420
2004-02-05,422
2004-02-06,434
2004-02-09,428
2004-02-10,424
2004-02-11,431
2004-02-12,418
2004-02-13,425
2004-02-16,423
2004-02-17,421
2004-02-18,423
2004-02-19,424
2004-02-20,422
2004-02-23,430
2004-02-24,438
2004-02-25,436
2004-02-26,432
2004-02-27,434
2004-02-29,434
2004-03-01,428
2004-03-02,422
2004-03-03,421
2004-03-04,424
2004-03-05,435
2004-03-08,437
2004-03-09,440
2004-03-10,437
2004-03-11,441
2004-03-12,439
2004-03-15,441
2004-03-16,453
2004-03-17,450
2004-03-18,446
2004-03-19,443
2004-03-22,452
2004-03-23,454
2004-03-24,456
2004-03-25,453
2004-03-26,442
2004-03-29,434
2004-03-30,433
2004-03-31,441
2004-04-01,432
2004-04-02,416
2004-04-05,411
2004-04-06,414
2004-04-07,411
2004-04-08,406
2004-04-12,402
2004-04-13,396
2004-04-14,397
2004-04-15,395
2004-04-16,396
2004-04-19,394
2004-04-20,391
2004-04-21,391
2004-04-22,393
2004-04-23,381
2004-04-26,382
2004-04-27,385
2004-04-28,381
2004-04-29,383
2004-04-30,391
2004-05-03,393
2004-05-04,398
2004-05-05,397
2004-05-06,404
2004-05-07,399
2004-05-10,421
2004-05-11,424
2004-05-12,431
2004-05-13,437
2004-05-14,448
2004-05-17,455
2004-05-18,445
2004-05-19,431
2004-05-20,440
2004-05-21,432
2004-05-24,429
2004-05-25,428
2004-05-26,428
2004-05-27,432
2004-05-28,423
2004-05-31,428
2004-06-01,426
2004-06-02,423
2004-06-03,425
2004-06-04,416
2004-06-07,416
2004-06-08,410
2004-06-09,405
2004-06-10,406
2004-06-11,405
2004-06-14,400
2004-06-15,412
2004-06-16,405
2004-06-17,406
2004-06-18,402
2004-06-21,402
2004-06-22,398
2004-06-23,398
2004-06-24,401
2004-06-25,400
2004-06-28,391
2004-06-29,395
2004-06-30,410
2004-07-01,413
2004-07-02,417
2004-07-05,417
2004-07-06,411
2004-07-07,414
2004-07-08,412
2004-07-09,411
2004-07-12,410
2004-07-13,404
2004-07-14,400
2004-07-15,397
2004-07-16,405
2004-07-19,402
2004-07-20,388
2004-07-21,387
2004-07-22,393
2004-07-23,403
2004-07-26,394
2004-07-27,391
2004-07-28,396
2004-07-29,393
2004-07-30,398
2004-07-31,401
2004-08-02,403
2004-08-03,404
2004-08-04,405
2004-08-05,405
2004-08-06,418
2004-08-09,415
2004-08-10,411
2004-08-11,411
2004-08-12,417
2004-08-13,420
2004-08-16,416
2004-08-17,418
2004-08-18,413
2004-08-19,412
2004-08-20,407
2004-08-23,401
2004-08-24,400
2004-08-25,397
2004-08-26,399
2004-08-27,397
2004-08-30,398
2004-08-31,406
2004-09-01,407
2004-09-02,399
2004-09-03,389
2004-09-06,389
2004-09-07,393
2004-09-08,396
2004-09-09,389
2004-09-10,388
2004-09-13,384
2004-09-14,385
2004-09-15,382
2004-09-16,392
2004-09-17,383
2004-09-20,386
2004-09-21,383
2004-09-22,385
2004-09-23,375
2004-09-24,376
2004-09-27,381
2004-09-28,383
2004-09-29,378
2004-09-30,382
2004-10-01,376
2004-10-04,376
2004-10-05,377
2004-10-06,368
2004-10-07,365
2004-10-08,369
2004-10-11,368
2004-10-12,369
2004-10-13,372
2004-10-14,376
2004-10-15,371
2004-10-18,374
2004-10-19,375
2004-10-20,381
2004-10-21,375
2004-10-22,374
2004-10-25,372
2004-10-26,367
2004-10-27,356
2004-10-28,354
2004-10-29,351
2004-10-31,357
2004-11-01,348
2004-11-02,348
2004-11-03,343
2004-11-04,337
2004-11-05,322
2004-11-08,320
2004-11-09,321
2004-11-10,320
2004-11-11,320
2004-11-12,324
2004-11-15,322
2004-11-16,320
2004-11-17,323
2004-11-18,320
2004-11-19,311
2004-11-22,314
2004-11-23,312
2004-11-24,309
2004-11-25,310
2004-11-26,305
2004-11-29,301
2004-11-30,306
2004-12-01,304
2004-12-02,302
2004-12-03,310
2004-12-06,310
2004-12-07,307
2004-12-08,312
2004-12-09,307
2004-12-10,306
2004-12-13,304
2004-12-14,304
2004-12-15,310
2004-12-16,301
2004-12-17,302
2004-12-20,301
2004-12-21,303
2004-12-22,301
2004-12-23,300
2004-12-27,294
2004-12-28,294
2004-12-29,291
2004-12-30,294
2004-12-31,309
2005-01-03,302
2005-01-04,292
2005-01-05,300
2005-01-06,304
2005-01-07,302
2005-01-10,306
2005-01-11,315
2005-01-12,316
2005-01-13,321
2005-01-14,319
2005-01-17,318
2005-01-18,321
2005-01-19,321
2005-01-20,330
2005-01-21,334
2005-01-24,334
2005-01-25,326
2005-01-26,324
2005-01-27,319
2005-01-28,323
2005-01-31,330
2005-02-01,322
2005-02-02,317
2005-02-03,311
2005-02-04,315
2005-02-07,313
2005-02-08,310
2005-02-09,318
2005-02-10,313
2005-02-11,309
2005-02-14,306
2005-02-15,301
2005-02-16,293
2005-02-17,293
2005-02-18,287
2005-02-21,287
2005-02-22,287
2005-02-23,287
2005-02-24,283
2005-02-25,281
2005-02-28,283
2005-03-01,281
2005-03-02,283
2005-03-03,282
2005-03-04,285
2005-03-07,281
2005-03-08,274
2005-03-09,270
2005-03-10,277
2005-03-11,272
2005-03-14,277
2005-03-15,276
2005-03-16,289
2005-03-17,299
2005-03-18,297
2005-03-21,307
2005-03-22,307
2005-03-23,319
2005-03-24,318
2005-03-28,319
2005-03-29,328
2005-03-30,338
2005-03-31,352
2005-04-01,355
2005-04-04,359
2005-04-05,353
2005-04-06,348
2005-04-07,341
2005-04-08,339
2005-04-11,346
2005-04-12,357
2005-04-13,361
2005-04-14,374
2005-04-15,389
2005-04-18,397
2005-04-19,400
2005-04-20,394
2005-04-21,382
2005-04-22,386
2005-04-25,387
2005-04-26,391
2005-04-27,404
2005-04-28,415
2005-04-29,415
2005-04-30,418
2005-05-02,416
2005-05-03,413
2005-05-04,411
2005-05-05,413
2005-05-06,406
2005-05-09,404
2005-05-10,412
2005-05-11,422
2005-05-12,427
2005-05-13,438
2005-05-16,448
2005-05-17,456
2005-05-18,454
2005-05-19,439
2005-05-20,432
2005-05-23,428
2005-05-24,427
2005-05-25,415
2005-05-26,407
2005-05-27,402
2005-05-30,402
2005-05-31,413
2005-06-01,413
2005-06-02,400
2005-06-03,390
2005-06-06,399
2005-06-07,399
2005-06-08,398
2005-06-09,401
2005-06-10,391
2005-06-13,388
2005-06-14,383
2005-06-15,378
2005-06-16,383
2005-06-17,381
2005-06-20,381
2005-06-21,382
2005-06-22,390
2005-06-23,388
2005-06-24,393
2005-06-27,396
2005-06-28,386
2005-06-29,381
2005-06-30,385
2005-07-01,375
2005-07-04,375
2005-07-05,371
2005-07-06,375
2005-07-07,378
2005-07-08,367
2005-07-11,361
2005-07-12,354
2005-07-13,351
2005-07-14,346
2005-07-15,343
2005-07-18,340
2005-07-19,343
2005-07-20,343
2005-07-21,336
2005-07-22,339
2005-07-25,336
2005-07-26,335
2005-07-27,331
2005-07-28,333
2005-07-29,325
2005-07-31,330
2005-08-01,329
2005-08-02,329
2005-08-03,332
2005-08-04,331
2005-08-05,329
2005-08-08,331
2005-08-09,333
2005-08-10,332
2005-08-11,337
2005-08-12,342
2005-08-15,337
2005-08-16,341
2005-08-17,337
2005-08-18,341
2005-08-19,339
2005-08-22,339
2005-08-23,340
2005-08-24,338
2005-08-25,338
2005-08-26,334
2005-08-29,337
2005-08-30,348
2005-08-31,366
2005-09-01,370
2005-09-02,370
2005-09-05,370
2005-09-06,364
2005-09-07,361
2005-09-08,359
2005-09-09,359
2005-09-12,355
2005-09-13,358
2005-09-14,357
2005-09-15,355
2005-09-16,354
2005-09-19,361
2005-09-20,365
2005-09-21,375
2005-09-22,381
2005-09-23,371
2005-09-26,365
2005-09-27,366
2005-09-28,369
2005-09-29,367
2005-09-30,354
2005-10-03,347
2005-10-04,348
2005-10-05,351
2005-10-06,355
2005-10-07,359
2005-10-10,359
2005-10-11,366
2005-10-12,372
2005-10-13,377
2005-10-14,372
2005-10-17,361
2005-10-18,356
2005-10-19,360
2005-10-20,358
2005-10-21,359
2005-10-24,354
2005-10-25,349
2005-10-26,349
2005-10-27,357
2005-10-28,358
2005-10-31,361
2005-11-01,357
2005-11-02,354
2005-11-03,348
2005-11-04,348
2005-11-07,349
2005-11-08,355
2005-11-09,350
2005-11-10,357
2005-11-11,356
2005-11-14,358
2005-11-15,362
2005-11-16,372
2005-11-17,378
2005-11-18,369
2005-11-21,371
2005-11-22,374
2005-11-23,369
2005-11-24,369
2005-11-25,372
2005-11-28,371
2005-11-29,361
2005-11-30,367
2005-12-01,362
2005-12-02,363
2005-12-05,362
2005-12-06,368
2005-12-07,366
2005-12-08,370
2005-12-09,360
2005-12-12,359
2005-12-13,360
2005-12-14,366
2005-12-15,364
2005-12-16,365
2005-12-19,366
2005-12-20,365
2005-12-21,361
2005-12-22,366
2005-12-23,371
2005-12-27,373
2005-12-28,369
2005-12-29,368
2005-12-30,365
2005-12-31,371
2006-01-03,373
2006-01-04,369
2006-01-05,364
2006-01-06,356
2006-01-09,351
2006-01-10,350
2006-01-11,347
2006-01-12,353
2006-01-13,362
2006-01-16,360
2006-01-17,364
2006-01-18,364
2006-01-19,358
2006-01-20,360
2006-01-23,359
2006-01-24,354
2006-01-25,344
2006-01-26,342
2006-01-27,340
2006-01-30,334
2006-01-31,342
2006-02-01,335
2006-02-02,335
2006-02-03,338
2006-02-06,338
2006-02-07,339
2006-02-08,338
2006-02-09,338
2006-02-10,335
2006-02-13,337
2006-02-14,336
2006-02-15,332
2006-02-16,329
2006-02-17,330
2006-02-20,330
2006-02-21,329
2006-02-22,331
2006-02-23,327
2006-02-24,328
2006-02-27,328
2006-02-28,337
2006-03-01,333
2006-03-02,332
2006-03-03,329
2006-03-06,326
2006-03-07,330
2006-03-08,331
2006-03-09,332
2006-03-10,330
2006-03-13,327
2006-03-14,334
2006-03-15,329
2006-03-16,334
2006-03-17,331
2006-03-20,330
2006-03-21,321
2006-03-22,320
2006-03-23,318
2006-03-24,323
2006-03-27,319
2006-03-28,312
2006-03-29,314
2006-03-30,311
2006-03-31,313
2006-04-03,309
2006-04-04,310
2006-04-05,313
2006-04-06,312
2006-04-07,306
2006-04-10,310
2006-04-11,311
2006-04-12,306
2006-04-13,305
2006-04-17,308
2006-04-18,311
2006-04-19,307
2006-04-20,304
2006-04-21,304
2006-04-24,306
2006-04-25,298
2006-04-26,297
2006-04-27,300
2006-04-28,300
2006-04-30,304
2006-05-01,296
2006-05-02,297
2006-05-03,294
2006-05-04,293
2006-05-05,296
2006-05-08,294
2006-05-09,292
2006-05-10,290
2006-05-11,288
2006-05-12,288
2006-05-15,292
2006-05-16,299
2006-05-17,303
2006-05-18,309
2006-05-19,308
2006-05-22,315
2006-05-23,312
2006-05-24,318
2006-05-25,313
2006-05-26,312
2006-05-29,312
2006-05-30,310
2006-05-31,312
2006-06-01,313
2006-06-02,322
2006-06-05,319
2006-06-06,324
2006-06-07,322
2006-06-08,326
2006-06-09,327
2006-06-12,325
2006-06-13,332
2006-06-14,332
2006-06-15,329
2006-06-16,326
2006-06-19,325
2006-06-20,328
2006-06-21,334
2006-06-22,332
2006-06-23,331
2006-06-26,334
2006-06-27,336
2006-06-28,333
2006-06-29,333
2006-06-30,335
2006-07-03,333
2006-07-04,333
2006-07-05,327
2006-07-06,331
2006-07-07,333
2006-07-10,330
2006-07-11,333
2006-07-12,332
2006-07-13,339
2006-07-14,344
2006-07-17,342
2006-07-18,337
2006-07-19,342
2006-07-20,343
2006-07-21,341
2006-07-24,341
2006-07-25,338
2006-07-26,338
2006-07-27,336
2006-07-28,340
2006-07-31,345
2006-08-01,344
2006-08-02,342
2006-08-03,342
2006-08-04,344
2006-08-07,342
2006-08-08,341
2006-08-09,341
2006-08-10,342
2006-08-11,339
2006-08-14,336
2006-08-15,339
2006-08-16,342
2006-08-17,338
2006-08-18,341
2006-08-21,343
2006-08-22,343
2006-08-23,343
2006-08-24,343
2006-08-25,344
2006-08-28,341
2006-08-29,341
2006-08-30,342
2006-08-31,349
2006-09-01,349
2006-09-04,349
2006-09-05,343
2006-09-06,340
2006-09-07,341
2006-09-08,342
2006-09-11,339
2006-09-12,340
2006-09-13,338
2006-09-14,335
2006-09-15,333
2006-09-18,333
2006-09-19,340
2006-09-20,339
2006-09-21,348
2006-09-22,353
2006-09-25,355
2006-09-26,350
2006-09-27,346
2006-09-28,344
2006-09-29,342
2006-09-30,344
2006-10-02,344
2006-10-03,343
2006-10-04,345
2006-10-05,339
2006-10-06,331
2006-10-09,331
2006-10-10,327
2006-10-11,323
2006-10-12,322
2006-10-13,319
2006-10-16,318
2006-10-17,319
2006-10-18,318
2006-10-19,317
2006-10-20,317
2006-10-23,314
2006-10-24,315
2006-10-25,319
2006-10-26,321
2006-10-27,323
2006-10-30,321
2006-10-31,329
2006-11-01,330
2006-11-02,324
2006-11-03,312
2006-11-06,313
2006-11-07,314
2006-11-08,315
2006-11-09,313
2006-11-10,315
2006-11-13,312
2006-11-14,313
2006-11-15,305
2006-11-16,299
2006-11-17,306
2006-11-20,307
2006-11-21,313
2006-11-22,314
2006-11-23,314
2006-11-24,315
2006-11-27,317
2006-11-28,322
2006-11-29,315
2006-11-30,320
2006-12-01,321
2006-12-04,320
2006-12-05,314
2006-12-06,307
2006-12-07,305
2006-12-08,300
2006-12-11,302
2006-12-12,306
2006-12-13,300
2006-12-14,300
2006-12-15,298
2006-12-18,299
2006-12-19,298
2006-12-20,297
2006-12-21,299
2006-12-22,293
2006-12-26,293
2006-12-27,287
2006-12-28,283
2006-12-29,282
2006-12-31,289
2007-01-02,291
2007-01-03,291
2007-01-04,295
2007-01-05,293
2007-01-08,292
2007-01-09,289
2007-01-10,287
2007-01-11,282
2007-01-12,280
2007-01-15,279
2007-01-16,278
2007-01-17,272
2007-01-18,273
2007-01-19,270
2007-01-22,269
2007-01-23,265
2007-01-24,263
2007-01-25,257
2007-01-26,259
2007-01-29,258
2007-01-30,262
2007-01-31,272
2007-02-01,266
2007-02-02,267
2007-02-05,267
2007-02-06,267
2007-02-07,265
2007-02-08,265
2007-02-09,259
2007-02-12,259
2007-02-13,257
2007-02-14,261
2007-02-15,259
2007-02-16,257
2007-02-19,257
2007-02-20,257
2007-02-21,253
2007-02-22,249
2007-02-23,255
2007-02-26,258
2007-02-27,279
2007-02-28,282
2007-03-01,283
2007-03-02,291
2007-03-05,299
2007-03-06,294
2007-03-07,291
2007-03-08,284
2007-03-09,275
2007-03-12,280
2007-03-13,292
2007-03-14,294
2007-03-15,288
2007-03-16,288
2007-03-19,285
2007-03-20,288
2007-03-21,290
2007-03-22,281
2007-03-23,279
2007-03-26,282
2007-03-27,281
2007-03-28,284
2007-03-29,282
2007-03-30,280
2007-03-31,285
2007-04-02,285
2007-04-03,283
2007-04-04,287
2007-04-05,284
2007-04-09,276
2007-04-10,278
2007-04-11,275
2007-04-12,275
2007-04-13,271
2007-04-16,270
2007-04-17,272
2007-04-18,273
2007-04-19,271
2007-04-20,268
2007-04-23,268
2007-04-24,270
2007-04-25,267
2007-04-26,263
2007-04-27,263
2007-04-30,274
2007-05-01,274
2007-05-02,272
2007-05-03,267
2007-05-04,270
2007-05-07,269
2007-05-08,269
2007-05-09,264
2007-05-10,265
2007-05-11,263
2007-05-14,261
2007-05-15,257
2007-05-16,258
2007-05-17,255
2007-05-18,250
2007-05-21,250
2007-05-22,246
2007-05-23,244
2007-05-24,245
2007-05-25,245
2007-05-29,242
2007-05-30,244
2007-05-31,246
2007-06-01,241
2007-06-04,244
2007-06-05,241
2007-06-06,248
2007-06-07,248
2007-06-08,251
2007-06-11,250
2007-06-12,249
2007-06-13,253
2007-06-14,249
2007-06-15,251
2007-06-18,252
2007-06-19,260
2007-06-20,259
2007-06-21,265
2007-06-22,269
2007-06-25,280
2007-06-26,279
2007-06-27,288
2007-06-28,283
2007-06-29,289
2007-06-30,298
2007-07-02,303
2007-07-03,299
2007-07-04,299
2007-07-05,292
2007-07-06,290
2007-07-09,293
2007-07-10,312
2007-07-11,316
2007-07-12,308
2007-07-13,305
2007-07-16,307
2007-07-17,305
2007-07-18,320
2007-07-19,320
2007-07-20,336
2007-07-23,344
2007-07-24,361
2007-07-25,370
2007-07-26,413
2007-07-27,428
2007-07-30,424
2007-07-31,419
2007-08-01,428
2007-08-02,418
2007-08-03,424
2007-08-06,428
2007-08-07,420
2007-08-08,393
2007-08-09,404
2007-08-10,412
2007-08-13,408
2007-08-14,416
2007-08-15,427
2007-08-16,459
2007-08-17,448
2007-08-20,450
2007-08-21,453
2007-08-22,442
2007-08-23,433
2007-08-24,429
2007-08-27,430
2007-08-28,444
2007-08-29,443
2007-08-30,448
2007-08-31,454
2007-09-03,454
2007-09-04,453
2007-09-05,460
2007-09-06,456
2007-09-07,472
2007-09-10,479
2007-09-11,474
2007-09-12,469
2007-09-13,457
2007-09-14,458
2007-09-17,452
2007-09-18,446
2007-09-19,430
2007-09-20,420
2007-09-21,416
2007-09-24,410
2007-09-25,416
2007-09-26,413
2007-09-27,415
2007-09-28,416
2007-09-30,419
2007-10-01,419
2007-10-02,419
2007-10-03,416
2007-10-04,414
2007-10-05,402
2007-10-08,402
2007-10-09,394
2007-10-10,391
2007-10-11,386
2007-10-12,382
2007-10-15,381
2007-10-16,391
2007-10-17,406
2007-10-18,420
2007-10-19,436
2007-10-22,438
2007-10-23,434
2007-10-24,442
2007-10-25,440
2007-10-26,439
2007-10-29,438
2007-10-30,438
2007-10-31,436
2007-11-01,452
2007-11-02,465
2007-11-05,468
2007-11-06,465
2007-11-07,475
2007-11-08,490
2007-11-09,502
2007-11-12,502
2007-11-13,506
2007-11-14,503
2007-11-15,525
2007-11-16,537
2007-11-19,560
2007-11-20,570
2007-11-21,586
2007-11-22,586
2007-11-23,579
2007-11-26,592
2007-11-27,588
2007-11-28,572
2007-11-29,573
2007-11-30,574
2007-12-03,581
2007-12-04,588
2007-12-05,585
2007-12-06,578
2007-12-07,562
2007-12-10,555
2007-12-11,567
2007-12-12,560
2007-12-13,557
2007-12-14,553
2007-12-17,557
2007-12-18,565
2007-12-19,570
2007-12-20,578
2007-12-21,568
2007-12-24,564
2007-12-26,558
2007-12-27,564
2007-12-28,572
2007-12-31,591
2008-01-02,609
2008-01-03,616
2008-01-04,635
2008-01-07,644
2008-01-08,650
2008-01-09,672
2008-01-10,662
2008-01-11,667
2008-01-14,664
2008-01-15,672
2008-01-16,682
2008-01-17,698
2008-01-18,703
2008-01-21,703
2008-01-22,737
2008-01-23,746
2008-01-24,711
2008-01-25,698
2008-01-28,701
2008-01-29,684
2008-01-30,677
2008-01-31,693
2008-02-01,694
2008-02-04,690
2008-02-05,705
2008-02-06,707
2008-02-07,708
2008-02-08,723
2008-02-11,736
2008-02-12,735
2008-02-13,736
2008-02-14,723
2008-02-15,728
2008-02-18,728
2008-02-19,723
2008-02-20,723
2008-02-21,734
2008-02-22,734
2008-02-25,719
2008-02-26,715
2008-02-27,716
2008-02-28,735
2008-02-29,765
2008-03-03,773
2008-03-04,774
2008-03-05,766
2008-03-06,777
2008-03-07,790
2008-03-10,805
2008-03-11,793
2008-03-12,810
2008-03-13,824
2008-03-14,836
2008-03-17,859
2008-03-18,837
2008-03-19,834
2008-03-20,837
2008-03-24,804
2008-03-25,795
2008-03-26,797
2008-03-27,791
2008-03-28,797
2008-03-31,816
2008-04-01,797
2008-04-02,781
2008-04-03,773
2008-04-04,771
2008-04-07,749
2008-04-08,753
2008-04-09,766
2008-04-10,765
2008-04-11,771
2008-04-14,770
2008-04-15,760
2008-04-16,741
2008-04-17,731
2008-04-18,710
2008-04-21,708
2008-04-22,702
2008-04-23,700
2008-04-24,687
2008-04-25,680
2008-04-28,680
2008-04-29,681
2008-04-30,682
2008-05-01,676
2008-05-02,660
2008-05-05,660
2008-05-06,665
2008-05-07,668
2008-05-08,679
2008-05-09,686
2008-05-12,686
2008-05-13,672
2008-05-14,661
2008-05-15,664
2008-05-16,659
2008-05-19,656
2008-05-20,663
2008-05-21,660
2008-05-22,654
2008-05-23,665
2008-05-26,666
2008-05-27,667
2008-05-28,656
2008-05-29,651
2008-05-30,652
2008-05-31,648
2008-06-02,663
2008-06-03,674
2008-06-04,675
2008-06-05,659
2008-06-06,664
2008-06-09,654
2008-06-10,645
2008-06-11,651
2008-06-12,639
2008-06-13,634
2008-06-16,633
2008-06-17,635
2008-06-18,648
2008-06-19,648
2008-06-20,665
2008-06-23,671
2008-06-24,696
2008-06-25,697
2008-06-26,722
2008-06-27,736
2008-06-30,730
2008-07-01,743
2008-07-02,748
2008-07-03,758
2008-07-04,759
2008-07-07,771
2008-07-08,782
2008-07-09,777
2008-07-10,785
2008-07-11,783
2008-07-14,784
2008-07-15,801
2008-07-16,796
2008-07-17,774
2008-07-18,762
2008-07-21,753
2008-07-22,755
2008-07-23,741
2008-07-24,758
2008-07-25,755
2008-07-28,774
2008-07-29,777
2008-07-30,776
2008-07-31,795
2008-08-01,808
2008-08-04,809
2008-08-05,806
2008-08-06,800
2008-08-07,810
2008-08-08,809
2008-08-11,802
2008-08-12,806
2008-08-13,803
2008-08-14,806
2008-08-15,807
2008-08-18,812
2008-08-19,817
2008-08-20,825
2008-08-21,824
2008-08-22,819
2008-08-25,827
2008-08-26,826
2008-08-27,828
2008-08-28,824
2008-08-29,822
2008-08-31,830
2008-09-01,830
2008-09-02,837
2008-09-03,842
2008-09-04,850
2008-09-05,849
2008-09-08,840
2008-09-09,848
2008-09-10,850
2008-09-11,857
2008-09-12,849
2008-09-15,900
2008-09-16,924
2008-09-17,959
2008-09-18,978
2008-09-19,915
2008-09-22,916
2008-09-23,933
2008-09-24,963
2008-09-25,982
2008-09-26,1022
2008-09-29,1071
2008-09-30,1093
2008-10-01,1120
2008-10-02,1196
2008-10-03,1221
2008-10-06,1302
2008-10-07,1314
2008-10-08,1347
2008-10-09,1386
2008-10-10,1531
2008-10-13,1533
2008-10-14,1446
2008-10-15,1509
2008-10-16,1567
2008-10-17,1589
2008-10-20,1571
2008-10-21,1582
2008-10-22,1600
2008-10-23,1629
2008-10-24,1663
2008-10-27,1675
2008-10-28,1661
2008-10-29,1615
2008-10-30,1585
2008-10-31,1609
2008-11-03,1621
2008-11-04,1610
2008-11-05,1600
2008-11-06,1611
2008-11-07,1623
2008-11-10,1627
2008-11-11,1628
2008-11-12,1676
2008-11-13,1698
2008-11-14,1708
2008-11-17,1735
2008-11-18,1788
2008-11-19,1852
2008-11-20,1938
2008-11-21,1982
2008-11-24,1977
2008-11-25,1977
2008-11-26,1966
2008-11-27,1967
2008-11-28,1968
2008-11-30,1978
2008-12-01,2010
2008-12-02,2010
2008-12-03,2029
2008-12-04,2044
2008-12-05,2064
2008-12-08,2051
2008-12-09,2048
2008-12-10,2055
2008-12-11,2080
2008-12-12,2117
2008-12-15,2147
2008-12-16,2123
2008-12-17,2090
2008-12-18,2058
2008-12-19,2030
2008-12-22,2007
2008-12-23,1971
2008-12-24,1969
2008-12-26,1945
2008-12-29,1915
2008-12-30,1838
2008-12-31,1803
2009-01-02,1774
2009-01-05,1734
2009-01-06,1658
2009-01-07,1633
2009-01-08,1658
2009-01-09,1655
2009-01-12,1657
2009-01-13,1672
2009-01-14,1676
2009-01-15,1688
2009-01-16,1670
2009-01-19,1671
2009-01-20,1669
2009-01-21,1662
2009-01-22,1659
2009-01-23,1664
2009-01-26,1665
2009-01-27,1667
2009-01-28,1631
2009-01-29,1613
2009-01-30,1613
2009-01-31,1613
2009-02-02,1628
2009-02-03,1618
2009-02-04,1603
2009-02-05,1601
2009-02-06,1593
2009-02-09,1587
2009-02-10,1595
2009-02-11,1606
2009-02-12,1615
2009-02-13,1609
2009-02-16,1594
2009-02-17,1633
2009-02-18,1647
2009-02-19,1636
2009-02-20,1664
2009-02-23,1673
2009-02-24,1710
2009-02-25,1705
2009-02-26,1707
2009-02-27,1727
2009-02-28,1726
2009-03-02,1771
2009-03-03,1796
2009-03-04,1815
2009-03-05,1845
2009-03-06,1853
2009-03-09,1873
2009-03-10,1857
2009-03-11,1825
2009-03-12,1816
2009-03-13,1791
2009-03-16,1751
2009-03-17,1745
2009-03-18,1784
2009-03-19,1762
2009-03-20,1762
2009-03-23,1743
2009-03-24,1732
2009-03-25,1713
2009-03-26,1695
2009-03-27,1661
2009-03-30,1675
2009-03-31,1684
2009-04-01,1692
2009-04-02,1659
2009-04-03,1633
2009-04-06,1624
2009-04-07,1625
2009-04-08,1617
2009-04-09,1599
2009-04-13,1596
2009-04-14,1565
2009-04-15,1555
2009-04-16,1524
2009-04-17,1485
2009-04-20,1497
2009-04-21,1516
2009-04-22,1508
2009-04-23,1497
2009-04-24,1468
2009-04-27,1472
2009-04-28,1459
2009-04-29,1427
2009-04-30,1324
2009-05-01,1313
2009-05-04,1303
2009-05-05,1288
2009-05-06,1274
2009-05-07,1234
2009-05-08,1222
2009-05-11,1238
2009-05-12,1245
2009-05-13,1264
2009-05-14,1271
2009-05-15,1270
2009-05-18,1262
2009-05-19,1247
2009-05-20,1225
2009-05-21,1212
2009-05-22,1194
2009-05-25,1195
2009-05-26,1189
2009-05-27,1168
2009-05-28,1155
2009-05-29,1156
2009-05-31,1147
2009-06-01,1113
2009-06-02,1096
2009-06-03,1094
2009-06-04,1079
2009-06-05,1048
2009-06-08,1038
2009-06-09,1037
2009-06-10,1021
2009-06-11,1022
2009-06-12,1020
2009-06-15,1018
2009-06-16,1026
2009-06-17,1051
2009-06-18,1052
2009-06-19,1053
2009-06-22,1071
2009-06-23,1080
2009-06-24,1079
2009-06-25,1086
2009-06-26,1087
2009-06-29,1083
2009-06-30,1033
2009-07-01,1029
2009-07-02,1030
2009-07-03,1031
2009-07-06,1039
2009-07-07,1041
2009-07-08,1062
2009-07-09,1057
2009-07-10,1067
2009-07-13,1070
2009-07-14,1053
2009-07-15,1030
2009-07-16,1035
2009-07-17,1019
2009-07-20,1015
2009-07-21,1007
2009-07-22,997
2009-07-23,967
2009-07-24,959
2009-07-27,945
2009-07-28,936
2009-07-29,924
2009-07-30,912
2009-07-31,903
2009-08-03,880
2009-08-04,869
2009-08-05,858
2009-08-06,854
2009-08-07,838
2009-08-10,839
2009-08-11,845
2009-08-12,859
2009-08-13,872
2009-08-14,875
2009-08-17,898
2009-08-18,899
2009-08-19,906
2009-08-20,908
2009-08-21,893
2009-08-24,894
2009-08-25,893
2009-08-26,892
2009-08-27,887
2009-08-28,885
2009-08-31,886
2009-09-01,892
2009-09-02,897
2009-09-03,892
2009-09-04,883
2009-09-07,884
2009-09-08,877
2009-09-09,872
2009-09-10,867
2009-09-11,853
2009-09-14,833
2009-09-15,810
2009-09-16,786
2009-09-17,785
2009-09-18,774
2009-09-21,776
2009-09-22,770
2009-09-23,765
2009-09-24,763
2009-09-25,765
2009-09-28,771
2009-09-29,768
2009-09-30,770
2009-10-01,788
2009-10-02,796
2009-10-05,792
2009-10-06,781
2009-10-07,787
2009-10-08,777
2009-10-09,764
2009-10-12,765
2009-10-13,770
2009-10-14,753
2009-10-15,746
2009-10-16,746
2009-10-19,744
2009-10-20,744
2009-10-21,735
2009-10-22,730
2009-10-23,723
2009-10-26,715
2009-10-27,727
2009-10-28,738
2009-10-29,735
2009-10-30,745
2009-10-31,739
2009-11-02,739
2009-11-03,740
2009-11-04,734
2009-11-05,735
2009-11-06,739
2009-11-09,736
2009-11-10,731
2009-11-11,731
2009-11-12,733
2009-11-13,731
2009-11-16,733
2009-11-17,733
2009-11-18,729
2009-11-19,734
2009-11-20,733
2009-11-23,731
2009-11-24,734
2009-11-25,735
2009-11-26,735
2009-11-27,742
2009-11-30,741
2009-12-01,735
2009-12-02,725
2009-12-03,717
2009-12-04,701
2009-12-07,703
2009-12-08,708
2009-12-09,703
2009-12-10,695
2009-12-11,686
2009-12-14,674
2009-12-15,664
2009-12-16,660
2009-12-17,668
2009-12-18,662
2009-12-21,650
2009-12-22,643
2009-12-23,638
2009-12-24,633
2009-12-28,628
2009-12-29,627
2009-12-30,628
2009-12-31,622
2010-01-04,618
2010-01-05,614
2010-01-06,601
2010-01-07,587
2010-01-08,587
2010-01-11,584
2010-01-12,592
2010-01-13,588
2010-01-14,589
2010-01-15,595
2010-01-18,595
2010-01-19,596
2010-01-20,601
2010-01-21,609
2010-01-22,621
2010-01-25,627
2010-01-26,629
2010-01-27,626
2010-01-28,626
2010-01-29,631
2010-01-31,641
2010-02-01,641
2010-02-02,641
2010-02-03,633
2010-02-04,646
2010-02-05,668
2010-02-08,672
2010-02-09,675
2010-02-10,680
2010-02-11,685
2010-02-12,690
2010-02-15,688
2010-02-16,689
2010-02-17,666
2010-02-18,652
2010-02-19,643
2010-02-22,637
2010-02-23,647
2010-02-24,645
2010-02-25,652
2010-02-26,653
2010-02-28,657
2010-03-01,652
2010-03-02,644
2010-03-03,640
2010-03-04,635
2010-03-05,623
2010-03-08,613
2010-03-09,610
2010-03-10,602
2010-03-11,601
2010-03-12,598
2010-03-15,598
2010-03-16,603
2010-03-17,598
2010-03-18,589
2010-03-19,585
2010-03-22,589
2010-03-23,587
2010-03-24,572
2010-03-25,565
2010-03-26,567
2010-03-29,566
2010-03-30,564
2010-03-31,571
2010-04-01,569
2010-04-05,553
2010-04-06,552
2010-04-07,560
2010-04-08,558
2010-04-09,555
2010-04-12,555
2010-04-13,554
2010-04-14,545
2010-04-15,540
2010-04-16,545
2010-04-19,547
2010-04-20,542
2010-04-21,543
2010-04-22,538
2010-04-23,532
2010-04-26,530
2010-04-27,542
2010-04-28,539
2010-04-29,542
2010-04-30,549
2010-05-03,545
2010-05-04,556
2010-05-05,579
2010-05-06,613
2010-05-07,634
2010-05-10,613
2010-05-11,621
2010-05-12,606
2010-05-13,601
2010-05-14,620
2010-05-17,623
2010-05-18,633
2010-05-19,645
2010-05-20,677
2010-05-21,687
2010-05-24,682
2010-05-25,708
2010-05-26,691
2010-05-27,672
2010-05-28,674
2010-05-31,683
2010-06-01,689
2010-06-02,689
2010-06-03,678
2010-06-04,699
2010-06-07,703
2010-06-08,712
2010-06-09,711
2010-06-10,704
2010-06-11,712
2010-06-14,701
2010-06-15,689
2010-06-16,682
2010-06-17,676
2010-06-18,667
2010-06-21,653
2010-06-22,661
2010-06-23,667
2010-06-24,674
2010-06-25,676
2010-06-28,678
2010-06-29,691
2010-06-30,699
2010-07-01,703
2010-07-02,699
2010-07-05,699
2010-07-06,699
2010-07-07,695
2010-07-08,684
2010-07-09,674
2010-07-12,671
2010-07-13,656
2010-07-14,655
2010-07-15,659
2010-07-16,663
2010-07-19,664
2010-07-20,665
2010-07-21,661
2010-07-22,654
2010-07-23,646
2010-07-26,640
2010-07-27,630
2010-07-28,633
2010-07-29,635
2010-07-30,643
2010-07-31,646
2010-08-02,640
2010-08-03,642
2010-08-04,635
2010-08-05,638
2010-08-06,643
2010-08-09,640
2010-08-10,647
2010-08-11,664
2010-08-12,669
2010-08-13,673
2010-08-16,677
2010-08-17,668
2010-08-18,664
2010-08-19,668
2010-08-20,667
2010-08-23,668
2010-08-24,679
2010-08-25,678
2010-08-26,679
2010-08-27,667
2010-08-30,675
2010-08-31,680
2010-09-01,668
2010-09-02,660
2010-09-03,651
2010-09-06,651
2010-09-07,657
2010-09-08,648
2010-09-09,635
2010-09-10,626
2010-09-13,625
2010-09-14,625
2010-09-15,620
2010-09-16,614
2010-09-17,614
2010-09-20,614
2010-09-21,621
2010-09-22,624
2010-09-23,626
2010-09-24,621
2010-09-27,625
2010-09-28,625
2010-09-29,618
2010-09-30,616
2010-10-01,612
2010-10-04,613
2010-10-05,608
2010-10-06,605
2010-10-07,603
2010-10-08,602
2010-10-11,602
2010-10-12,598
2010-10-13,592
2010-10-14,587
2010-10-15,585
2010-10-18,592
2010-10-19,594
2010-10-20,596
2010-10-21,590
2010-10-22,586
2010-10-25,580
2010-10-26,569
2010-10-27,563
2010-10-28,567
2010-10-29,570
2010-10-31,581
2010-11-01,584
2010-11-02,584
2010-11-03,582
2010-11-04,579
2010-11-05,569
2010-11-08,564
2010-11-09,553
2010-11-10,564
2010-11-11,564
2010-11-12,563
2010-11-15,556
2010-11-16,578
2010-11-17,577
2010-11-18,568
2010-11-19,569
2010-11-22,579
2010-11-23,592
2010-11-24,581
2010-11-25,581
2010-11-26,583
2010-11-29,591
2010-11-30,610
2010-12-01,591
2010-12-02,582
2010-12-03,581
2010-12-06,584
2010-12-07,558
2010-12-08,552
2010-12-09,549
2010-12-10,544
2010-12-13,548
2010-12-14,531
2010-12-15,529
2010-12-16,534
2010-12-17,543
2010-12-20,541
2010-12-21,539
2010-12-22,534
2010-12-23,527
2010-12-24,527
2010-12-27,529
2010-12-28,517
2010-12-29,529
2010-12-30,521
2010-12-31,531
2011-01-03,522
2011-01-04,517
2011-01-05,501
2011-01-06,504
2011-01-07,513
2011-01-10,518
2011-01-11,512
2011-01-12,507
2011-01-13,508
2011-01-14,502
2011-01-17,502
2011-01-18,500
2011-01-19,502
2011-01-20,493
2011-01-21,496
2011-01-24,494
2011-01-25,496
2011-01-26,488
2011-01-27,490
2011-01-28,493
2011-01-31,499
2011-02-01,490
2011-02-02,481
2011-02-03,474
2011-02-04,459
2011-02-07,456
2011-02-08,445
2011-02-09,452
2011-02-10,447
2011-02-11,451
2011-02-14,450
2011-02-15,449
2011-02-16,446
2011-02-17,447
2011-02-18,445
2011-02-21,444
2011-02-22,458
2011-02-23,458
2011-02-24,465
2011-02-25,464
2011-02-28,469
2011-03-01,468
2011-03-02,463
2011-03-03,451
2011-03-04,460
2011-03-07,461
2011-03-08,456
2011-03-09,462
2011-03-10,477
2011-03-11,479
2011-03-14,485
2011-03-15,501
2011-03-16,508
2011-03-17,501
2011-03-18,493
2011-03-21,484
2011-03-22,482
2011-03-23,482
2011-03-24,475
2011-03-25,470
2011-03-28,468
2011-03-29,465
2011-03-30,467
2011-03-31,471
2011-04-01,466
2011-04-04,465
2011-04-05,459
2011-04-06,451
2011-04-07,450
2011-04-08,447
2011-04-11,446
2011-04-12,456
2011-04-13,458
2011-04-14,454
2011-04-15,462
2011-04-18,467
2011-04-19,468
2011-04-20,460
2011-04-21,458
2011-04-25,462
2011-04-26,464
2011-04-27,461
2011-04-28,467
2011-04-29,464
2011-04-30,469
2011-05-02,468
2011-05-03,469
2011-05-04,469
2011-05-05,473
2011-05-06,474
2011-05-09,475
2011-05-10,469
2011-05-11,472
2011-05-12,470
2011-05-13,473
2011-05-16,472
2011-05-17,475
2011-05-18,472
2011-05-19,473
2011-05-20,475
2011-05-23,481
2011-05-24,482
2011-05-25,485
2011-05-26,493
2011-05-27,494
2011-05-30,494
2011-05-31,502
2011-06-01,507
2011-06-02,508
2011-06-03,517
2011-06-06,518
2011-06-07,520
2011-06-08,531
2011-06-09,531
2011-06-10,535
2011-06-13,539
2011-06-14,529
2011-06-15,544
2011-06-16,557
2011-06-17,556
2011-06-20,559
2011-06-21,557
2011-06-22,554
2011-06-23,566
2011-06-24,571
2011-06-27,569
2011-06-28,557
2011-06-29,545
2011-06-30,535
2011-07-01,526
2011-07-04,526
2011-07-05,529
2011-07-06,533
2011-07-07,520
2011-07-08,531
2011-07-11,548
2011-07-12,552
2011-07-13,548
2011-07-14,541
2011-07-15,543
2011-07-18,546
2011-07-19,546
2011-07-20,538
2011-07-21,528
2011-07-22,527
2011-07-25,525
2011-07-26,527
2011-07-27,524
2011-07-28,529
2011-07-29,543
2011-07-31,549
2011-08-01,555
2011-08-02,571
2011-08-03,578
2011-08-04,607
2011-08-05,615
2011-08-08,674
2011-08-09,709
2011-08-10,719
2011-08-11,728
2011-08-12,719
2011-08-15,699
2011-08-16,700
2011-08-17,696
2011-08-18,712
2011-08-19,718
2011-08-22,720
2011-08-23,734
2011-08-24,733
2011-08-25,732
2011-08-26,738
2011-08-29,727
2011-08-30,727
2011-08-31,718
2011-09-01,714
2011-09-02,722
2011-09-05,722
2011-09-06,741
2011-09-07,729
2011-09-08,730
2011-09-09,739
2011-09-12,751
2011-09-13,750
2011-09-14,743
2011-09-15,736
2011-09-16,733
2011-09-19,748
2011-09-20,746
2011-09-21,749
2011-09-22,782
2011-09-23,787
2011-09-26,786
2011-09-27,779
2011-09-28,789
2011-09-29,802
2011-09-30,826
2011-10-03,857
2011-10-04,894
2011-10-05,883
2011-10-06,857
2011-10-07,840
2011-10-10,840
2011-10-11,819
2011-10-12,792
2011-10-13,790
2011-10-14,775
2011-10-17,774
2011-10-18,773
2011-10-19,756
2011-10-20,750
2011-10-21,732
2011-10-24,717
2011-10-25,716
2011-10-26,707
2011-10-27,670
2011-10-28,672
2011-10-31,694
2011-11-01,728
2011-11-02,721
2011-11-03,711
2011-11-04,712
2011-11-07,715
2011-11-08,709
2011-11-09,734
2011-11-10,732
2011-11-11,732
2011-11-14,729
2011-11-15,735
2011-11-16,739
2011-11-17,747
2011-11-18,747
2011-11-21,764
2011-11-22,775
2011-11-23,788
2011-11-24,788
2011-11-25,785
2011-11-28,780
2011-11-29,779
2011-11-30,763
2011-12-01,755
2011-12-02,751
2011-12-05,741
2011-12-06,736
2011-12-07,739
2011-12-08,741
2011-12-09,739
2011-12-12,745
2011-12-13,746
2011-12-14,748
2011-12-15,747
2011-12-16,751
2011-12-19,750
2011-12-20,739
2011-12-21,734
2011-12-22,731
2011-12-23,723
2011-12-27,722
2011-12-28,726
2011-12-29,721
2011-12-30,724
2011-12-31,709
2012-01-03,691
2012-01-04,686
2012-01-05,686
2012-01-06,686
2012-01-09,684
2012-01-10,678
2012-01-11,683
2012-01-12,679
2012-01-13,688
2012-01-16,685
2012-01-17,685
2012-01-18,679
2012-01-19,663
2012-01-20,656
2012-01-23,648
2012-01-24,648
2012-01-25,649
2012-01-26,644
2012-01-27,644
2012-01-30,652
2012-01-31,651
2012-02-01,644
2012-02-02,645
2012-02-03,633
2012-02-06,635
2012-02-07,627
2012-02-08,620
2012-02-09,616
2012-02-10,625
2012-02-13,617
2012-02-14,617
2012-02-15,617
2012-02-16,616
2012-02-17,610
2012-02-20,610
2012-02-21,604
2012-02-22,605
2012-02-23,601
2012-02-24,591
2012-02-27,595
2012-02-28,591
2012-02-29,588
2012-03-01,585
2012-03-02,588
2012-03-05,591
2012-03-06,615
2012-03-07,608
2012-03-08,601
2012-03-09,599
2012-03-12,596
2012-03-13,588
2012-03-14,573
2012-03-15,578
2012-03-16,576
2012-03-19,570
2012-03-20,571
2012-03-21,576
2012-03-22,582
2012-03-23,584
2012-03-26,581
2012-03-27,583
2012-03-28,583
2012-03-29,593
2012-03-30,586
2012-03-31,589
2012-04-02,588
2012-04-03,581
2012-04-04,588
2012-04-05,595
2012-04-09,613
2012-04-10,621
2012-04-11,619
2012-04-12,613
2012-04-13,615
2012-04-16,612
2012-04-17,605
2012-04-18,605
2012-04-19,606
2012-04-20,603
2012-04-23,609
2012-04-24,603
2012-04-25,594
2012-04-26,594
2012-04-27,591
2012-04-30,593
2012-05-01,585
2012-05-02,585
2012-05-03,581
2012-05-04,583
2012-05-07,584
2012-05-08,589
2012-05-09,593
2012-05-10,589
2012-05-11,591
2012-05-14,599
2012-05-15,603
2012-05-16,610
2012-05-17,632
2012-05-18,640
2012-05-21,651
2012-05-22,643
2012-05-23,653
2012-05-24,649
2012-05-25,650
2012-05-28,650
2012-05-29,647
2012-05-30,659
2012-05-31,682
2012-06-01,702
2012-06-04,703
2012-06-05,709
2012-06-06,692
2012-06-07,681
2012-06-08,680
2012-06-11,676
2012-06-12,677
2012-06-13,678
2012-06-14,671
2012-06-15,671
2012-06-18,667
2012-06-19,651
2012-06-20,640
2012-06-21,639
2012-06-22,638
2012-06-25,647
2012-06-26,644
2012-06-27,638
2012-06-28,639
2012-06-29,623
2012-06-30,629
2012-07-02,630
2012-07-03,623
2012-07-04,623
2012-07-05,625
2012-07-06,628
2012-07-09,628
2012-07-10,624
2012-07-11,621
2012-07-12,625
2012-07-13,624
2012-07-16,624
2012-07-17,621
2012-07-18,618
2012-07-19,610
2012-07-20,613
2012-07-23,623
2012-07-24,625
2012-07-25,625
2012-07-26,620
2012-07-27,607
2012-07-30,605
2012-07-31,605
2012-08-01,598
2012-08-02,601
2012-08-03,590
2012-08-06,589
2012-08-07,580
2012-08-08,578
2012-08-09,580
2012-08-10,587
2012-08-13,585
2012-08-14,581
2012-08-15,577
2012-08-16,578
2012-08-17,578
2012-08-20,575
2012-08-21,572
2012-08-22,577
2012-08-23,578
2012-08-24,577
2012-08-27,576
2012-08-28,577
2012-08-29,573
2012-08-30,575
2012-08-31,587
2012-09-03,587
2012-09-04,583
2012-09-05,580
2012-09-06,569
2012-09-07,564
2012-09-10,558
2012-09-11,553
2012-09-12,541
2012-09-13,540
2012-09-14,520
2012-09-17,522
2012-09-18,523
2012-09-19,524
2012-09-20,528
2012-09-21,532
2012-09-24,539
2012-09-25,546
2012-09-26,570
2012-09-27,562
2012-09-28,561
2012-09-30,564
2012-10-01,561
2012-10-02,562
2012-10-03,559
2012-10-04,552
2012-10-05,545
2012-10-08,545
2012-10-09,547
2012-10-10,551
2012-10-11,547
2012-10-12,546
2012-10-15,539
2012-10-16,531
2012-10-17,518
2012-10-18,515
2012-10-19,522
2012-10-22,519
2012-10-23,532
2012-10-24,529
2012-10-25,524
2012-10-26,532
2012-10-29,537
2012-10-31,554
2012-11-01,548
2012-11-02,546
2012-11-05,548
2012-11-06,540
2012-11-07,554
2012-11-08,558
2012-11-09,568
2012-11-12,568
2012-11-13,573
2012-11-14,575
2012-11-15,585
2012-11-16,589
2012-11-19,576
2012-11-20,570
2012-11-21,563
2012-11-22,563
2012-11-23,562
2012-11-26,559
2012-11-27,556
2012-11-28,557
2012-11-29,549
2012-11-30,556
2012-12-03,551
2012-12-04,549
2012-12-05,542
2012-12-06,539
2012-12-07,533
2012-12-10,533
2012-12-11,526
2012-12-12,521
2012-12-13,518
2012-12-14,520
2012-12-17,523
2012-12-18,511
2012-12-19,511
2012-12-20,510
2012-12-21,518
2012-12-24,516
2012-12-26,516
2012-12-27,520
2012-12-28,522
2012-12-31,526
2013-01-02,508
2013-01-03,499
2013-01-04,496
2013-01-07,494
2013-01-08,495
2013-01-09,492
2013-01-10,487
2013-01-11,486
2013-01-14,484
2013-01-15,489
2013-01-16,489
2013-01-17,481
2013-01-18,482
2013-01-21,481
2013-01-22,481
2013-01-23,478
2013-01-24,475
2013-01-25,466
2013-01-28,465
2013-01-29,471
2013-01-30,477
2013-01-31,488
2013-02-01,486
2013-02-04,493
2013-02-05,494
2013-02-06,497
2013-02-07,500
2013-02-08,500
2013-02-11,498
2013-02-12,497
2013-02-13,489
2013-02-14,490
2013-02-15,488
2013-02-18,488
2013-02-19,485
2013-02-20,484
2013-02-21,492
2013-02-22,490
2013-02-25,490
2013-02-26,495
2013-02-27,491
2013-02-28,491
2013-03-01,493
2013-03-04,491
2013-03-05,485
2013-03-06,481
2013-03-07,474
2013-03-08,469
2013-03-11,468
2013-03-12,469
2013-03-13,468
2013-03-14,464
2013-03-15,465
2013-03-18,470
2013-03-19,471
2013-03-20,469
2013-03-21,469
2013-03-22,471
2013-03-25,468
2013-03-26,471
2013-03-27,474
2013-03-28,473
2013-03-31,480
2013-04-01,480
2013-04-02,477
2013-04-03,480
2013-04-04,483
2013-04-05,488
2013-04-08,483
2013-04-09,480
2013-04-10,471
2013-04-11,466
2013-04-12,469
2013-04-15,472
2013-04-16,472
2013-04-17,473
2013-04-18,473
2013-04-19,471
2013-04-22,468
2013-04-23,465
2013-04-24,460
2013-04-25,454
2013-04-26,454
2013-04-29,447
2013-04-30,448
2013-05-01,445
2013-05-02,438
2013-05-03,426
2013-05-06,424
2013-05-07,418
2013-05-08,418
2013-05-09,417
2013-05-10,418
2013-05-13,429
2013-05-14,429
2013-05-15,431
2013-05-16,436
2013-05-17,431
2013-05-20,428
2013-05-21,429
2013-05-22,422
2013-05-23,437
2013-05-24,439
2013-05-27,439
2013-05-28,430
2013-05-29,450
2013-05-30,448
2013-05-31,457
2013-06-03,470
2013-06-04,473
2013-06-05,497
2013-06-06,502
2013-06-07,482
2013-06-10,480
2013-06-11,502
2013-06-12,495
2013-06-13,504
2013-06-14,497
2013-06-17,491
2013-06-18,490
2013-06-19,478
2013-06-20,505
2013-06-21,501
2013-06-24,526
2013-06-25,526
2013-06-26,521
2013-06-27,515
2013-06-28,509
2013-06-30,514
2013-07-01,510
2013-07-02,508
2013-07-03,508
2013-07-04,508
2013-07-05,497
2013-07-08,505
2013-07-09,498
2013-07-10,491
2013-07-11,484
2013-07-12,475
2013-07-15,471
2013-07-16,466
2013-07-17,462
2013-07-18,451
2013-07-19,450
2013-07-22,447
2013-07-23,444
2013-07-24,449
2013-07-25,459
2013-07-26,465
2013-07-29,463
2013-07-30,461
2013-07-31,466
2013-08-01,457
2013-08-02,469
2013-08-05,468
2013-08-06,471
2013-08-07,475
2013-08-08,474
2013-08-09,474
2013-08-12,473
2013-08-13,467
2013-08-14,464
2013-08-15,469
2013-08-16,465
2013-08-19,466
2013-08-20,474
2013-08-21,471
2013-08-22,468
2013-08-23,470
2013-08-26,470
2013-08-27,477
2013-08-28,472
2013-08-29,471
2013-08-30,469
2013-08-31,473
2013-09-02,473
2013-09-03,463
2013-09-04,459
2013-09-05,454
2013-09-06,458
2013-09-09,461
2013-09-10,455
2013-09-11,457
2013-09-12,455
2013-09-13,455
2013-09-16,449
2013-09-17,454
2013-09-18,462
2013-09-19,446
2013-09-20,449
2013-09-23,455
2013-09-24,460
2013-09-25,465
2013-09-26,464
2013-09-27,470
2013-09-30,479
2013-10-01,474
2013-10-02,473
2013-10-03,471
2013-10-04,465
2013-10-07,465
2013-10-08,463
2013-10-09,463
2013-10-10,457
2013-10-11,458
2013-10-14,456
2013-10-15,450
2013-10-16,451
2013-10-17,449
2013-10-18,442
2013-10-21,436
2013-10-22,440
2013-10-23,440
2013-10-24,436
2013-10-25,438
2013-10-28,441
2013-10-29,441
2013-10-30,439
2013-10-31,433
2013-11-01,428
2013-11-04,430
2013-11-05,430
2013-11-06,431
2013-11-07,430
2013-11-08,435
2013-11-11,434
2013-11-12,432
2013-11-13,439
2013-11-14,438
2013-11-15,434
2013-11-18,431
2013-11-19,428
2013-11-20,425
2013-11-21,429
2013-11-22,427
2013-11-25,423
2013-11-26,424
2013-11-27,421
2013-11-28,420
2013-11-29,419
2013-11-30,424
2013-12-02,419
2013-12-03,422
2013-12-04,419
2013-12-05,416
2013-12-06,413
2013-12-09,411
2013-12-10,415
2013-12-11,411
2013-12-12,411
2013-12-13,412
2013-12-16,409
2013-12-17,415
2013-12-18,414
2013-12-19,407
2013-12-20,404
2013-12-23,400
2013-12-24,396
2013-12-26,396
2013-12-27,396
2013-12-30,397
2013-12-31,400
2014-01-02,400
2014-01-03,398
2014-01-06,396
2014-01-07,392
2014-01-08,387
2014-01-09,388
2014-01-10,395
2014-01-13,397
2014-01-14,392
2014-01-15,387
2014-01-16,388
2014-01-17,388
2014-01-20,388
2014-01-21,386
2014-01-22,382
2014-01-23,392
2014-01-24,408
2014-01-27,409
2014-01-28,408
2014-01-29,415
2014-01-30,412
2014-01-31,421
2014-02-03,428
2014-02-04,431
2014-02-05,428
2014-02-06,421
2014-02-07,420
2014-02-10,416
2014-02-11,408
2014-02-12,401
2014-02-13,407
2014-02-14,403
2014-02-17,403
2014-02-18,401
2014-02-19,395
2014-02-20,392
2014-02-21,390
2014-02-24,385
2014-02-25,384
2014-02-26,384
2014-02-27,383
2014-02-28,381
2014-03-03,387
2014-03-04,379
2014-03-05,378
2014-03-06,378
2014-03-07,379
2014-03-10,382
2014-03-11,382
2014-03-12,387
2014-03-13,392
2014-03-14,396
2014-03-17,390
2014-03-18,387
2014-03-19,374
2014-03-20,379
2014-03-21,376
2014-03-24,375
2014-03-25,373
2014-03-26,375
2014-03-27,377
2014-03-28,373
2014-03-31,377
2014-04-01,373
2014-04-02,366
2014-04-03,364
2014-04-04,368
2014-04-07,372
2014-04-08,373
2014-04-09,374
2014-04-10,377
2014-04-11,382
2014-04-14,376
2014-04-15,375
2014-04-16,373
2014-04-17,368
2014-04-21,367
2014-04-22,365
2014-04-23,368
2014-04-24,366
2014-04-25,369
2014-04-28,368
2014-04-29,366
2014-04-30,371
2014-05-01,375
2014-05-02,373
2014-05-05,374
2014-05-06,372
2014-05-07,374
2014-05-08,375
2014-05-09,374
2014-05-12,370
2014-05-13,370
2014-05-14,373
2014-05-15,378
2014-05-16,377
2014-05-19,376
2014-05-20,377
2014-05-21,377
2014-05-22,378
2014-05-23,378
2014-05-26,378
2014-05-27,376
2014-05-28,380
2014-05-29,378
2014-05-30,375
2014-05-31,367
2014-06-02,361
2014-06-03,359
2014-06-04,359
2014-06-05,359
2014-06-06,353
2014-06-09,350
2014-06-10,346
2014-06-11,346
2014-06-12,350
2014-06-13,347
2014-06-16,343
2014-06-17,339
2014-06-18,341
2014-06-19,339
2014-06-20,336
2014-06-23,335
2014-06-24,337
2014-06-25,343
2014-06-26,347
2014-06-27,348
2014-06-30,353
2014-07-01,350
2014-07-02,346
2014-07-03,344
2014-07-04,344
2014-07-07,344
2014-07-08,348
2014-07-09,351
2014-07-10,362
2014-07-11,361
2014-07-14,357
2014-07-15,360
2014-07-16,363
2014-07-17,374
2014-07-18,378
2014-07-21,380
2014-07-22,379
2014-07-23,377
2014-07-24,372
2014-07-25,375
2014-07-28,374
2014-07-29,380
2014-07-30,379
2014-07-31,404
2014-08-01,425
2014-08-04,424
2014-08-05,417
2014-08-06,421
2014-08-07,420
2014-08-08,420
2014-08-11,412
2014-08-12,407
2014-08-13,403
2014-08-14,397
2014-08-15,397
2014-08-18,389
2014-08-19,385
2014-08-20,379
2014-08-21,381
2014-08-22,379
2014-08-25,377
2014-08-26,378
2014-08-27,381
2014-08-28,382
2014-08-29,380
2014-08-31,384
2014-09-01,384
2014-09-02,380
2014-09-03,383
2014-09-04,385
2014-09-05,393
2014-09-08,392
2014-09-09,393
2014-09-10,401
2014-09-11,405
2014-09-12,403
2014-09-15,406
2014-09-16,410
2014-09-17,405
2014-09-18,398
2014-09-19,397
2014-09-22,402
2014-09-23,413
2014-09-24,418
2014-09-25,433
2014-09-26,440
2014-09-29,451
2014-09-30,440
2014-10-01,445
2014-10-02,442
2014-10-03,429
2014-10-06,426
2014-10-07,437
2014-10-08,448
2014-10-09,452
2014-10-10,466
2014-10-13,466
2014-10-14,483
2014-10-15,508
2014-10-16,498
2014-10-17,468
2014-10-20,468
2014-10-21,450
2014-10-22,444
2014-10-23,438
2014-10-24,438
2014-10-27,441
2014-10-28,439
2014-10-29,432
2014-10-30,435
2014-10-31,430
2014-11-03,429
2014-11-04,435
2014-11-05,432
2014-11-06,430
2014-11-07,436
2014-11-10,432
2014-11-11,432
2014-11-12,433
2014-11-13,437
2014-11-14,443
2014-11-17,446
2014-11-18,453
2014-11-19,457
2014-11-20,461
2014-11-21,454
2014-11-24,454
2014-11-25,454
2014-11-26,456
2014-11-27,456
2014-11-28,464
2014-11-30,467
2014-12-01,482
2014-12-02,482
2014-12-03,481
2014-12-04,483
2014-12-05,477
2014-12-08,487
2014-12-09,506
2014-12-10,521
2014-12-11,525
2014-12-12,547
2014-12-15,552
2014-12-16,571
2014-12-17,548
2014-12-18,515
2014-12-19,509
2014-12-22,503
2014-12-23,494
2014-12-24,493
2014-12-26,493
2014-12-29,496
2014-12-30,498
2014-12-31,504
2015-01-02,508
2015-01-05,521
2015-01-06,537
2015-01-07,531
2015-01-08,517
2015-01-09,520
2015-01-12,527
2015-01-13,528
2015-01-14,539
2015-01-15,542
2015-01-16,539
2015-01-19,539
2015-01-20,539
2015-01-21,536
2015-01-22,527
2015-01-23,530
2015-01-26,526
2015-01-27,529
2015-01-28,531
2015-01-29,528
2015-01-30,537
2015-01-31,526
2015-02-02,526
2015-02-03,511
2015-02-04,505
2015-02-05,499
2015-02-06,478
2015-02-09,480
2015-02-10,475
2015-02-11,476
2015-02-12,474
2015-02-13,471
2015-02-16,469
2015-02-17,457
2015-02-18,462
2015-02-19,458
2015-02-20,453
2015-02-23,456
2015-02-24,458
2015-02-25,454
2015-02-26,443
2015-02-27,443
2015-02-28,446
2015-03-02,438
2015-03-03,438
2015-03-04,444
2015-03-05,446
2015-03-06,442
2015-03-09,451
2015-03-10,466
2015-03-11,461
2015-03-12,462
2015-03-13,468
2015-03-16,472
2015-03-17,479
2015-03-18,491
2015-03-19,479
2015-03-20,481
2015-03-23,482
2015-03-24,481
2015-03-25,476
2015-03-26,474
2015-03-27,476
2015-03-30,473
2015-03-31,482
2015-04-01,486
2015-04-02,482
2015-04-06,480
2015-04-07,472
2015-04-08,467
2015-04-09,462
2015-04-10,460
2015-04-13,460
2015-04-14,462
2015-04-15,458
2015-04-16,461
2015-04-17,466
2015-04-20,460
2015-04-21,457
2015-04-22,453
2015-04-23,455
2015-04-24,456
2015-04-27,455
2015-04-28,452
2015-04-29,453
2015-04-30,459
2015-05-01,453
2015-05-04,451
2015-05-05,448
2015-05-06,450
2015-05-07,455
2015-05-08,453
2015-05-11,445
2015-05-12,456
2015-05-13,451
2015-05-14,452
2015-05-15,455
2015-05-18,449
2015-05-19,446
2015-05-20,449
2015-05-21,451
2015-05-22,447
2015-05-26,451
2015-05-27,448
2015-05-28,450
2015-05-29,452
2015-05-31,458
2015-06-01,452
2015-06-02,449
2015-06-03,446
2015-06-04,456
2015-06-05,456
2015-06-08,461
2015-06-09,466
2015-06-10,460
2015-06-11,462
2015-06-12,463
2015-06-15,471
2015-06-16,477
2015-06-17,476
2015-06-18,471
2015-06-19,473
2015-06-22,462
2015-06-23,462
2015-06-24,466
2015-06-25,467
2015-06-26,465
2015-06-29,491
2015-06-30,500
2015-07-01,488
2015-07-02,491
2015-07-03,491
2015-07-06,507
2015-07-07,513
2015-07-08,521
2015-07-09,511
2015-07-10,497
2015-07-13,493
2015-07-14,494
2015-07-15,493
2015-07-16,491
2015-07-17,495
2015-07-20,496
2015-07-21,506
2015-07-22,516
2015-07-23,521
2015-07-24,532
2015-07-27,549
2015-07-28,544
2015-07-29,533
2015-07-30,526
2015-07-31,536
2015-08-03,545
2015-08-04,541
2015-08-05,529
2015-08-06,540
2015-08-07,552
2015-08-10,551
2015-08-11,567
2015-08-12,579
2015-08-13,566
2015-08-14,552
2015-08-17,558
2015-08-18,556
2015-08-19,568
2015-08-20,575
2015-08-21,586
2015-08-24,614
2015-08-25,590
2015-08-26,591
2015-08-27,580
2015-08-28,572
2015-08-31,570
2015-09-01,578
2015-09-02,573
2015-09-03,570
2015-09-04,574
2015-09-07,574
2015-09-08,564
2015-09-09,559
2015-09-10,558
2015-09-11,562
2015-09-14,562
2015-09-15,554
2015-09-16,559
2015-09-17,571
2015-09-18,580
2015-09-21,577
2015-09-22,598
2015-09-23,598
2015-09-24,614
2015-09-25,615
2015-09-28,648
2015-09-29,660
2015-09-30,662
2015-10-01,667
2015-10-02,683
2015-10-05,662
2015-10-06,652
2015-10-07,632
2015-10-08,626
2015-10-09,613
2015-10-12,613
2015-10-13,624
2015-10-14,631
2015-10-15,626
2015-10-16,618
2015-10-19,616
2015-10-20,606
2015-10-21,607
2015-10-22,610
2015-10-23,597
2015-10-26,600
2015-10-27,607
2015-10-28,597
2015-10-29,589
2015-10-30,588
2015-10-31,590
2015-11-02,584
2015-11-03,577
2015-11-04,573
2015-11-05,580
2015-11-06,582
2015-11-09,594
2015-11-10,602
2015-11-11,602
2015-11-12,613
2015-11-13,624
2015-11-16,628
2015-11-17,619
2015-11-18,620
2015-11-19,628
2015-11-20,632
2015-11-23,635
2015-11-24,641
2015-11-25,637
2015-11-26,637
2015-11-27,638
2015-11-30,640
2015-12-01,640
2015-12-02,634
2015-12-03,632
2015-12-04,637
2015-12-07,651
2015-12-08,665
2015-12-09,672
2015-12-10,671
2015-12-11,710
2015-12-14,733
2015-12-15,709
2015-12-16,698
2015-12-17,701
2015-12-18,720
2015-12-21,725
2015-12-22,715
2015-12-23,705
2015-12-24,705
2015-12-28,707
2015-12-29,696
2015-12-30,695
2015-12-31,695
2016-01-04,710
2016-01-05,703
2016-01-06,711
2016-01-07,724
2016-01-08,723
2016-01-11,731
2016-01-12,738
2016-01-13,750
2016-01-14,757
2016-01-15,789
2016-01-18,790
2016-01-19,788
2016-01-20,827
2016-01-21,813
2016-01-22,787
2016-01-25,785
2016-01-26,783
2016-01-27,778
2016-01-28,775
2016-01-29,774
2016-01-31,777
2016-02-01,779
2016-02-02,798
2016-02-03,803
2016-02-04,803
2016-02-05,810
2016-02-08,851
2016-02-09,862
2016-02-10,853
2016-02-11,887
2016-02-12,864
2016-02-15,859
2016-02-16,845
2016-02-17,821
2016-02-18,817
2016-02-19,823
2016-02-22,809
2016-02-23,810
2016-02-24,817
2016-02-25,808
2016-02-26,780
2016-02-29,775
2016-03-01,746
2016-03-02,731
2016-03-03,728
2016-03-04,708
2016-03-07,703
2016-03-08,714
2016-03-09,715
2016-03-10,704
2016-03-11,682
2016-03-14,674
2016-03-15,684
2016-03-16,694
2016-03-17,682
2016-03-18,671
2016-03-21,665
2016-03-22,669
2016-03-23,679
2016-03-24,693
2016-03-28,699
2016-03-29,714
2016-03-30,703
2016-03-31,705
2016-04-01,705
2016-04-04,703
2016-04-05,713
2016-04-06,704
2016-04-07,711
2016-04-08,703
2016-04-11,700
2016-04-12,687
2016-04-13,671
2016-04-14,660
2016-04-15,662
2016-04-18,662
2016-04-19,646
2016-04-20,631
2016-04-21,629
2016-04-22,629
2016-04-25,632
2016-04-26,626
2016-04-27,625
2016-04-28,619
2016-04-29,624
2016-04-30,621
2016-05-02,616
2016-05-03,631
2016-05-04,639
2016-05-05,642
2016-05-06,648
2016-05-09,653
2016-05-10,646
2016-05-11,640
2016-05-12,636
2016-05-13,641
2016-05-16,630
2016-05-17,626
2016-05-18,616
2016-05-19,629
2016-05-20,622
2016-05-23,621
2016-05-24,613
2016-05-25,604
2016-05-26,608
2016-05-27,608
2016-05-30,608
2016-05-31,597
2016-06-01,601
2016-06-02,600
2016-06-03,609
2016-06-06,600
2016-06-07,592
2016-06-08,582
2016-06-09,586
2016-06-10,598
2016-06-13,607
2016-06-14,619
2016-06-15,618
2016-06-16,632
2016-06-17,621
2016-06-20,600
2016-06-21,600
2016-06-22,596
2016-06-23,583
2016-06-24,633
2016-06-27,657
2016-06-28,648
2016-06-29,626
2016-06-30,621
2016-07-01,612
2016-07-04,612
2016-07-05,616
2016-07-06,614
2016-07-07,602
2016-07-08,588
2016-07-11,566
2016-07-12,546
2016-07-13,558
2016-07-14,544
2016-07-15,542
2016-07-18,544
2016-07-19,545
2016-07-20,540
2016-07-21,541
2016-07-22,539
2016-07-25,539
2016-07-26,545
2016-07-27,551
2016-07-28,554
2016-07-29,561
2016-07-31,569
2016-08-01,569
2016-08-02,573
2016-08-03,572
2016-08-04,565
2016-08-05,546
2016-08-08,542
2016-08-09,536
2016-08-10,538
2016-08-11,531
2016-08-12,534
2016-08-15,523
2016-08-16,517
2016-08-17,519
2016-08-18,520
2016-08-19,515
2016-08-22,518
2016-08-23,514
2016-08-24,513
2016-08-25,514
2016-08-26,504
2016-08-29,510
2016-08-30,507
2016-08-31,510
2016-09-01,512
2016-09-02,509
2016-09-05,509
2016-09-06,509
2016-09-07,507
2016-09-08,499
2016-09-09,510
2016-09-12,518
2016-09-13,524
2016-09-14,526
2016-09-15,526
2016-09-16,527
2016-09-19,525
2016-09-20,524
2016-09-21,522
2016-09-22,509
2016-09-23,510
2016-09-26,516
2016-09-27,518
2016-09-28,514
2016-09-29,509
2016-09-30,497
2016-10-03,493
2016-10-04,485
2016-10-05,478
2016-10-06,475
2016-10-07,476
2016-10-10,476
2016-10-11,475
2016-10-12,475
2016-10-13,482
2016-10-14,472
2016-10-17,476
2016-10-18,472
2016-10-19,466
2016-10-20,462
2016-10-21,462
2016-10-24,460
2016-10-25,460
2016-10-26,466
2016-10-27,469
2016-10-28,476
2016-10-31,491
2016-11-01,505
2016-11-02,515
2016-11-03,515
2016-11-04,520
2016-11-07,501
2016-11-08,498
2016-11-09,494
2016-11-10,497
2016-11-11,497
2016-11-14,511
2016-11-15,494
2016-11-16,494
2016-11-17,485
2016-11-18,484
2016-11-21,478
2016-11-22,470
2016-11-23,466
2016-11-24,466
2016-11-25,464
2016-11-28,466
2016-11-29,469
2016-11-30,467
2016-12-01,462
2016-12-02,464
2016-12-05,458
2016-12-06,450
2016-12-07,442
2016-12-08,438
2016-12-09,428
2016-12-12,425
2016-12-13,420
2016-12-14,412
2016-12-15,420
2016-12-16,421
2016-12-19,423
2016-12-20,420
2016-12-21,419
2016-12-22,417
2016-12-23,416
2016-12-27,411
2016-12-28,415
2016-12-29,418
2016-12-30,421
2016-12-31,422
2017-01-03,413
2017-01-04,402
2017-01-05,404
2017-01-06,398
2017-01-09,402
2017-01-10,400
2017-01-11,403
2017-01-12,405
2017-01-13,402
2017-01-16,400
2017-01-17,406
2017-01-18,401
2017-01-19,399
2017-01-20,402
2017-01-23,410
2017-01-24,402
2017-01-25,393
2017-01-26,393
2017-01-27,393
2017-01-30,396
2017-01-31,400
2017-02-01,395
2017-02-02,393
2017-02-03,386
2017-02-06,391
2017-02-07,393
2017-02-08,398
2017-02-09,393
2017-02-10,390
2017-02-13,386
2017-02-14,380
2017-02-15,377
2017-02-16,383
2017-02-17,386
2017-02-20,386
2017-02-21,381
2017-02-22,378
2017-02-23,377
2017-02-24,384
2017-02-27,375
2017-02-28,374
2017-03-01,357
2017-03-02,355
2017-03-03,360
2017-03-06,366
2017-03-07,373
2017-03-08,379
2017-03-09,388
2017-03-10,389
2017-03-13,394
2017-03-14,405
2017-03-15,402
2017-03-16,388
2017-03-17,391
2017-03-20,397
2017-03-21,404
2017-03-22,416
2017-03-23,411
2017-03-24,407
2017-03-27,412
2017-03-28,401
2017-03-29,394
2017-03-30,385
2017-03-31,392
2017-04-03,398
2017-04-04,398
2017-04-05,391
2017-04-06,393
2017-04-07,386
2017-04-10,386
2017-04-11,394
2017-04-12,396
2017-04-13,403
2017-04-17,400
2017-04-18,407
2017-04-19,401
2017-04-20,398
2017-04-21,397
2017-04-24,386
2017-04-25,378
2017-04-26,376
2017-04-27,378
2017-04-28,375
2017-04-30,381
2017-05-01,378
2017-05-02,379
2017-05-03,376
2017-05-04,380
2017-05-05,382
2017-05-08,380
2017-05-09,374
2017-05-10,372
2017-05-11,372
2017-05-12,377
2017-05-15,372
2017-05-16,371
2017-05-17,384
2017-05-18,385
2017-05-19,378
2017-05-22,372
2017-05-23,367
2017-05-24,368
2017-05-25,367
2017-05-26,367
2017-05-29,367
2017-05-30,368
2017-05-31,374
2017-06-01,369
2017-06-02,369
2017-06-05,368
2017-06-06,372
2017-06-07,373
2017-06-08,376
2017-06-09,373
2017-06-12,371
2017-06-13,368
2017-06-14,370
2017-06-15,372
2017-06-16,376
2017-06-19,370
2017-06-20,377
2017-06-21,385
2017-06-22,387
2017-06-23,386
2017-06-26,383
2017-06-27,377
2017-06-28,377
2017-06-29,376
2017-06-30,377
2017-07-03,372
2017-07-04,372
2017-07-05,373
2017-07-06,378
2017-07-07,383
2017-07-10,383
2017-07-11,385
2017-07-12,381
2017-07-13,377
2017-07-14,373
2017-07-17,369
2017-07-18,369
2017-07-19,364
2017-07-20,361
2017-07-21,364
2017-07-24,363
2017-07-25,355
2017-07-26,356
2017-07-27,355
2017-07-28,359
2017-07-31,361
2017-08-01,360
2017-08-02,359
2017-08-03,363
2017-08-04,363
2017-08-07,364
2017-08-08,364
2017-08-09,381
2017-08-10,392
2017-08-11,400
2017-08-14,389
2017-08-15,387
2017-08-16,388
2017-08-17,393
2017-08-18,398
2017-08-21,400
2017-08-22,393
2017-08-23,395
2017-08-24,391
2017-08-25,389
2017-08-28,388
2017-08-29,390
2017-08-30,386
2017-08-31,385
2017-09-01,382
2017-09-04,382
2017-09-05,391
2017-09-06,384
2017-09-07,388
2017-09-08,392
2017-09-11,385
2017-09-12,381
2017-09-13,378
2017-09-14,374
2017-09-15,373
2017-09-18,368
2017-09-19,366
2017-09-20,360
2017-09-21,362
2017-09-22,364
2017-09-25,366
2017-09-26,362
2017-09-27,357
2017-09-28,357
2017-09-29,354
2017-09-30,356
2017-10-02,355
2017-10-03,355
2017-10-04,354
2017-10-05,352
2017-10-06,352
2017-10-09,351
2017-10-10,352
2017-10-11,352
2017-10-12,356
2017-10-13,360
2017-10-16,353
2017-10-17,350
2017-10-18,346
2017-10-19,348
2017-10-20,342
2017-10-23,340
2017-10-24,338
2017-10-25,342
2017-10-26,341
2017-10-27,344
2017-10-30,349
2017-10-31,351
2017-11-01,348
2017-11-02,352
2017-11-03,352
2017-11-06,355
2017-11-07,357
2017-11-08,367
2017-11-09,379
2017-11-10,376
2017-11-13,377
2017-11-14,384
2017-11-15,397
2017-11-16,379
2017-11-17,376
2017-11-20,370
2017-11-21,366
2017-11-22,370
2017-11-23,370
2017-11-24,367
2017-11-27,366
2017-11-28,367
2017-11-29,364
2017-11-30,361
2017-12-01,363
2017-12-04,358
2017-12-05,357
2017-12-06,363
2017-12-07,363
2017-12-08,363
2017-12-11,361
2017-12-12,358
2017-12-13,364
2017-12-14,363
2017-12-15,364
2017-12-18,364
2017-12-19,360
2017-12-20,358
2017-12-21,357
2017-12-22,356
2017-12-26,357
2017-12-27,359
2017-12-28,355
2017-12-29,358
2017-12-31,363
2018-01-02,355
2018-01-03,348
2018-01-04,340
2018-01-05,336
2018-01-08,335
2018-01-09,333
2018-01-10,342
2018-01-11,340
2018-01-12,337
2018-01-15,335
2018-01-16,334
2018-01-17,334
2018-01-18,335
2018-01-19,335
2018-01-22,332
2018-01-23,331
2018-01-24,328
2018-01-25,328
2018-01-26,323
2018-01-29,326
2018-01-30,333
2018-01-31,329
2018-02-01,329
2018-02-02,336
2018-02-05,348
2018-02-06,360
2018-02-07,346
2018-02-08,359
2018-02-09,382
2018-02-12,371
2018-02-13,378
2018-02-14,369
2018-02-15,357
2018-02-16,350
2018-02-19,350
2018-02-20,348
2018-02-21,346
2018-02-22,353
2018-02-23,358
2018-02-26,350
2018-02-27,347
2018-02-28,347
2018-03-01,359
2018-03-02,365
2018-03-05,359
2018-03-06,353
2018-03-07,356
2018-03-08,356
2018-03-09,353
2018-03-12,355
2018-03-13,358
2018-03-14,362
2018-03-15,362
2018-03-16,360
2018-03-19,365
2018-03-20,362
2018-03-21,360
2018-03-22,370
2018-03-23,374
2018-03-26,373
2018-03-27,375
2018-03-28,377
2018-03-29,379
2018-03-31,372
2018-04-02,377
2018-04-03,371
2018-04-04,371
2018-04-05,359
2018-04-06,364
2018-04-09,361
2018-04-10,352
2018-04-11,350
2018-04-12,342
2018-04-13,338
2018-04-16,333
2018-04-17,329
2018-04-18,324
2018-04-19,333
2018-04-20,333
2018-04-23,336
2018-04-24,341
2018-04-25,347
2018-04-26,343
2018-04-27,344
2018-04-30,346
2018-05-01,347
2018-05-02,345
2018-05-03,350
2018-05-04,349
2018-05-07,346
2018-05-08,346
2018-05-09,343
2018-05-10,341
2018-05-11,340
2018-05-14,337
2018-05-15,336
2018-05-16,337
2018-05-17,336
2018-05-18,341
2018-05-21,340
2018-05-22,339
2018-05-23,348
2018-05-24,349
2018-05-25,353
2018-05-28,353
2018-05-29,375
2018-05-30,364
2018-05-31,363
2018-06-01,355
2018-06-04,349
2018-06-05,350
2018-06-06,344
2018-06-07,344
2018-06-08,345
2018-06-11,339
2018-06-12,338
2018-06-13,333
2018-06-14,331
2018-06-15,333
2018-06-18,334
2018-06-19,340
2018-06-20,334
2018-06-21,339
2018-06-22,339
2018-06-25,347
2018-06-26,348
2018-06-27,356
2018-06-28,364
2018-06-29,361
2018-06-30,371
2018-07-02,378
2018-07-03,377
2018-07-04,377
2018-07-05,374
2018-07-06,374
2018-07-09,365
2018-07-10,359
2018-07-11,366
2018-07-12,361
2018-07-13,362
2018-07-16,359
2018-07-17,358
2018-07-18,356
2018-07-19,359
2018-07-20,355
2018-07-23,350
2018-07-24,347
2018-07-25,348
2018-07-26,342
2018-07-27,342
2018-07-30,343
2018-07-31,346
2018-08-01,343
2018-08-02,343
2018-08-03,343
2018-08-06,343
2018-08-07,335
2018-08-08,337
2018-08-09,338
2018-08-10,350
2018-08-13,352
2018-08-14,348
2018-08-15,355
2018-08-16,349
2018-08-17,349
2018-08-20,352
2018-08-21,348
2018-08-22,348
2018-08-23,347
2018-08-24,346
2018-08-27,343
2018-08-28,340
2018-08-29,339
2018-08-30,344
2018-08-31,349
2018-09-03,349
2018-09-04,346
2018-09-05,349
2018-09-06,352
2018-09-07,348
2018-09-10,346
2018-09-11,340
2018-09-12,338
2018-09-13,335
2018-09-14,329
2018-09-17,329
2018-09-18,324
2018-09-19,324
2018-09-20,325
2018-09-21,325
2018-09-24,328
2018-09-25,326
2018-09-26,327
2018-09-27,325
2018-09-28,324
2018-09-30,328
2018-10-01,322
2018-10-02,322
2018-10-03,316
2018-10-04,329
2018-10-05,332
2018-10-08,332
2018-10-09,341
2018-10-10,351
2018-10-11,358
2018-10-12,354
2018-10-15,349
2018-10-16,345
2018-10-17,345
2018-10-18,351
2018-10-19,351
2018-10-22,352
2018-10-23,365
2018-10-24,368
2018-10-25,372
2018-10-26,385
2018-10-29,384
2018-10-30,389
2018-10-31,381
2018-11-01,381
2018-11-02,372
2018-11-05,372
2018-11-06,368
2018-11-07,360
2018-11-08,357
2018-11-09,371
2018-11-12,371
2018-11-13,389
2018-11-14,399
2018-11-15,411
2018-11-16,418
2018-11-19,425
2018-11-20,433
2018-11-21,424
2018-11-22,425
2018-11-23,429
2018-11-26,426
2018-11-27,431
2018-11-28,425
2018-11-29,422
2018-11-30,429
2018-12-03,420
2018-12-04,429
2018-12-05,429
2018-12-06,450
2018-12-07,450
2018-12-10,456
2018-12-11,448
2018-12-12,440
2018-12-13,439
2018-12-14,446
2018-12-17,458
2018-12-18,472
2018-12-19,484
2018-12-20,511
2018-12-21,522
2018-12-24,535
2018-12-26,537
2018-12-27,538
2018-12-28,530
2018-12-31,533
2019-01-02,535
2019-01-03,544
2019-01-04,505
2019-01-07,483
2019-01-08,465
2019-01-09,452
2019-01-10,454
2019-01-11,455
2019-01-14,460
2019-01-15,455
2019-01-16,444
2019-01-17,440
2019-01-18,427
2019-01-21,427
2019-01-22,441
2019-01-23,439
2019-01-24,445
2019-01-25,434
2019-01-28,441
2019-01-29,440
2019-01-30,436
2019-01-31,437
2019-02-01,429
2019-02-04,425
2019-02-05,415
2019-02-06,413
2019-02-07,429
2019-02-08,432
2019-02-11,428
2019-02-12,417
2019-02-13,412
2019-02-14,417
2019-02-15,412
2019-02-18,412
2019-02-19,411
2019-02-20,408
2019-02-21,404
2019-02-22,405
2019-02-25,400
2019-02-26,401
2019-02-27,394
2019-02-28,392
2019-03-01,386
2019-03-04,390
2019-03-05,391
2019-03-06,398
2019-03-07,410
2019-03-08,418
2019-03-11,412
2019-03-12,408
2019-03-13,399
2019-03-14,395
2019-03-15,395
2019-03-18,395
2019-03-19,391
2019-03-20,397
2019-03-21,392
2019-03-22,403
2019-03-25,413
2019-03-26,409
2019-03-27,409
2019-03-28,408
2019-03-29,399
2019-03-31,405
2019-04-01,394
2019-04-02,395
2019-04-03,390
2019-04-04,390
2019-04-05,386
2019-04-08,384
2019-04-09,386
2019-04-10,386
2019-04-11,379
2019-04-12,368
2019-04-15,368
2019-04-16,364
2019-04-17,367
2019-04-18,373
2019-04-22,373
2019-04-23,372
2019-04-24,373
2019-04-25,375
2019-04-26,376
2019-04-29,373
2019-04-30,373
2019-05-01,371
2019-05-02,374
2019-05-03,372
2019-05-06,382
2019-05-07,389
2019-05-08,387
2019-05-09,399
2019-05-10,401
2019-05-13,420
2019-05-14,413
2019-05-15,417
2019-05-16,406
2019-05-17,407
2019-05-20,406
2019-05-21,399
2019-05-22,403
2019-05-23,422
2019-05-24,416
2019-05-27,416
2019-05-28,419
2019-05-29,436
2019-05-30,433
2019-05-31,459
2019-06-03,470
2019-06-04,453
2019-06-05,448
2019-06-06,442
2019-06-07,437
2019-06-10,423
2019-06-11,420
2019-06-12,422
2019-06-13,424
2019-06-14,423
2019-06-17,423
2019-06-18,414
2019-06-19,416
2019-06-20,403
2019-06-21,395
2019-06-24,400
2019-06-25,409
2019-06-26,405
2019-06-27,409
2019-06-28,407
2019-06-30,407
2019-07-01,399
2019-07-02,404
2019-07-03,402
2019-07-04,402
2019-07-05,398
2019-07-08,400
2019-07-09,403
2019-07-10,401
2019-07-11,400
2019-07-12,402
2019-07-15,400
2019-07-16,396
2019-07-17,401
2019-07-18,411
2019-07-19,407
2019-07-22,406
2019-07-23,399
2019-07-24,398
2019-07-25,393
2019-07-26,389
2019-07-29,393
2019-07-30,397
2019-07-31,393
2019-08-01,410
2019-08-02,419
2019-08-05,453
2019-08-06,446
2019-08-07,452
2019-08-08,431
2019-08-09,431
2019-08-12,440
2019-08-13,425
2019-08-14,449
2019-08-15,452
2019-08-16,447
2019-08-19,436
2019-08-20,435
2019-08-21,421
2019-08-22,416
2019-08-23,425
2019-08-26,422
2019-08-27,419
2019-08-28,417
2019-08-29,408
2019-08-30,409
2019-08-31,413
2019-09-02,413
2019-09-03,423
2019-09-04,423
2019-09-05,407
2019-09-06,405
2019-09-09,399
2019-09-10,390
2019-09-11,392
2019-09-12,385
2019-09-13,383
2019-09-16,380
2019-09-17,381
2019-09-18,382
2019-09-19,377
2019-09-20,381
2019-09-23,384
2019-09-24,390
2019-09-25,391
2019-09-26,395
2019-09-27,399
2019-09-30,402
2019-10-01,408
2019-10-02,428
2019-10-03,440
2019-10-04,438
2019-10-07,431
2019-10-08,439
2019-10-09,432
2019-10-10,426
2019-10-11,410
2019-10-14,408
2019-10-15,401
2019-10-16,401
2019-10-17,400
2019-10-18,402
2019-10-21,398
2019-10-22,399
2019-10-23,398
2019-10-24,396
2019-10-25,389
2019-10-28,385
2019-10-29,386
2019-10-30,396
2019-10-31,415
2019-11-01,409
2019-11-04,399
2019-11-05,397
2019-11-06,402
2019-11-07,396
2019-11-08,400
2019-11-11,399
2019-11-12,400
2019-11-13,405
2019-11-14,408
2019-11-15,406
2019-11-18,409
2019-11-19,412
2019-11-20,418
2019-11-21,417
2019-11-22,413
2019-11-25,408
2019-11-26,405
2019-11-27,399
2019-11-28,399
2019-11-29,401
2019-11-30,402
2019-12-02,403
2019-12-03,414
2019-12-04,402
2019-12-05,400
2019-12-06,389
2019-12-09,388
2019-12-10,384
2019-12-11,383
2019-12-12,370
2019-12-13,371
2019-12-16,362
2019-12-17,358
2019-12-18,351
2019-12-19,354
2019-12-20,353
2019-12-23,352
2019-12-24,353
2019-12-26,353
2019-12-27,356
2019-12-30,360
2019-12-31,360
2020-01-02,356
2020-01-03,361
2020-01-06,357
2020-01-07,354
2020-01-08,350
2020-01-09,349
2020-01-10,348
2020-01-13,348
2020-01-14,345
2020-01-15,344
2020-01-16,342
2020-01-17,339
2020-01-20,338
2020-01-21,347
2020-01-22,349
2020-01-23,358
2020-01-24,368
2020-01-27,403
2020-01-28,386
2020-01-29,383
2020-01-30,395
2020-01-31,403
2020-02-03,397
2020-02-04,385
2020-02-05,375
2020-02-06,370
2020-02-07,375
2020-02-10,375
2020-02-11,365
2020-02-12,359
2020-02-13,357
2020-02-14,356
2020-02-17,356
2020-02-18,361
2020-02-19,357
2020-02-20,362
2020-02-21,366
2020-02-24,403
2020-02-25,418
2020-02-26,427
2020-02-27,462
2020-02-28,504
2020-02-29,506
2020-03-02,497
2020-03-03,484
2020-03-04,475
2020-03-05,505
2020-03-06,564
2020-03-09,668
2020-03-10,638
2020-03-11,661
2020-03-12,742
2020-03-13,731
2020-03-16,838
2020-03-17,841
2020-03-18,904
2020-03-19,982
2020-03-20,1009
2020-03-23,1087
2020-03-24,1055
2020-03-25,1011
2020-03-26,929
2020-03-27,899
2020-03-30,882
2020-03-31,877
2020-04-01,911
2020-04-02,917
2020-04-03,943
2020-04-06,926
2020-04-07,888
2020-04-08,881
2020-04-09,796
2020-04-13,770
2020-04-14,735
2020-04-15,764
2020-04-16,758
2020-04-17,731
2020-04-20,752
2020-04-21,790
2020-04-22,785
2020-04-23,787
2020-04-24,803
2020-04-27,801
2020-04-28,802
2020-04-29,787
2020-04-30,763
2020-05-01,770
2020-05-04,779
2020-05-05,760
2020-05-06,760
2020-05-07,760
2020-05-08,752
2020-05-11,751
2020-05-12,742
2020-05-13,761
2020-05-14,777
2020-05-15,778
2020-05-18,741
2020-05-19,735
2020-05-20,716
2020-05-21,708
2020-05-22,706
2020-05-25,706
2020-05-26,675
2020-05-27,670
2020-05-28,660
2020-05-29,671
2020-05-31,654
2020-06-01,643
2020-06-02,618
2020-06-03,580
2020-06-04,583
2020-06-05,550
2020-06-08,551
2020-06-09,575
2020-06-10,592
2020-06-11,640
2020-06-12,628
2020-06-15,625
2020-06-16,578
2020-06-17,585
2020-06-18,601
2020-06-19,602
2020-06-22,603
2020-06-23,602
2020-06-24,623
2020-06-25,630
2020-06-26,641
2020-06-29,652
2020-06-30,644
2020-07-01,633
2020-07-02,617
2020-07-03,617
2020-07-06,603
2020-07-07,604
2020-07-08,606
2020-07-09,614
2020-07-10,614
2020-07-13,601
2020-07-14,603
2020-07-15,581
2020-07-16,576
2020-07-17,574
2020-07-20,554
2020-07-21,533
2020-07-22,528
2020-07-23,526
2020-07-24,529
2020-07-27,524
2020-07-28,527
2020-07-29,515
2020-07-30,514
2020-07-31,516
2020-08-03,508
2020-08-04,513
2020-08-05,504
2020-08-06,506
2020-08-07,506
2020-08-10,509
2020-08-11,503
2020-08-12,510
2020-08-13,516
2020-08-14,526
2020-08-17,529
2020-08-18,526
2020-08-19,525
2020-08-20,528
2020-08-21,525
2020-08-24,517
2020-08-25,507
2020-08-26,502
2020-08-27,498
2020-08-28,500
2020-08-31,502
2020-09-01,497
2020-09-02,493
2020-09-03,504
2020-09-04,513
2020-09-07,513
2020-09-08,525
2020-09-09,516
2020-09-10,516
2020-09-11,521
2020-09-14,518
2020-09-15,514
2020-09-16,507
2020-09-17,514
2020-09-18,516
2020-09-21,542
2020-09-22,545
2020-09-23,547
2020-09-24,564
2020-09-25,564
2020-09-28,552
2020-09-29,550
2020-09-30,541
2020-10-01,536
2020-10-02,538
2020-10-05,518
2020-10-06,506
2020-10-07,502
2020-10-08,497
2020-10-09,492
2020-10-12,492
2020-10-13,488
2020-10-14,489
2020-10-15,501
2020-10-16,494
2020-10-19,491
2020-10-20,490
2020-10-21,491
2020-10-22,488
2020-10-23,487
2020-10-26,503
2020-10-27,506
2020-10-28,529
2020-10-29,525
2020-10-30,525
2020-10-31,532
2020-11-02,525
2020-11-03,507
2020-11-04,479
2020-11-05,459
2020-11-06,467
2020-11-09,422
2020-11-10,437
2020-11-11,437
2020-11-12,462
2020-11-13,463
2020-11-16,450
2020-11-17,448
2020-11-18,442
2020-11-19,448
2020-11-20,449
2020-11-23,443
2020-11-24,431
2020-11-25,433
2020-11-26,433
2020-11-27,435
2020-11-30,433
2020-12-01,421
2020-12-02,417
2020-12-03,410
2020-12-04,403
2020-12-07,403
2020-12-08,403
2020-12-09,404
2020-12-10,408
2020-12-11,413
2020-12-14,407
2020-12-15,406
2020-12-16,406
2020-12-17,405
2020-12-18,403
2020-12-21,418
2020-12-22,412
2020-12-23,407
2020-12-24,405
2020-12-28,389
2020-12-29,385
2020-12-30,387
2020-12-31,386
2021-01-04,393
2021-01-05,392
2021-01-06,380
2021-01-07,378
2021-01-08,376
2021-01-11,382
2021-01-12,385
2021-01-13,382
2021-01-14,373
2021-01-15,374
2021-01-18,373
2021-01-19,371
2021-01-20,367
2021-01-21,365
2021-01-22,375
2021-01-25,375
2021-01-26,374
2021-01-27,385
2021-01-28,376
2021-01-29,379
2021-01-31,384
2021-02-01,383
2021-02-02,375
2021-02-03,368
2021-02-04,364
2021-02-05,358
2021-02-08,354
2021-02-09,351
2021-02-10,351
2021-02-11,350
2021-02-12,348
2021-02-15,347
2021-02-16,341
2021-02-17,344
2021-02-18,346
2021-02-19,341
2021-02-22,344
2021-02-23,347
2021-02-24,342
2021-02-25,342
2021-02-26,352
2021-02-28,357
2021-03-01,354
2021-03-02,353
2021-03-03,351
2021-03-04,354
2021-03-05,360
2021-03-08,357
2021-03-09,362
2021-03-10,363
2021-03-11,352
2021-03-12,355
2021-03-15,355
2021-03-16,355
2021-03-17,365
2021-03-18,366
2021-03-19,367
2021-03-22,358
2021-03-23,357
2021-03-24,351
2021-03-25,353
2021-03-26,348
2021-03-29,343
2021-03-30,344
2021-03-31,336
2021-04-01,333
2021-04-05,325
2021-04-06,325
2021-04-07,322
2021-04-08,321
2021-04-09,324
2021-04-12,324
2021-04-13,332
2021-04-14,325
2021-04-15,325
2021-04-16,322
2021-04-19,325
2021-04-20,335
2021-04-21,334
2021-04-22,334
2021-04-23,329
2021-04-26,326
2021-04-27,324
2021-04-28,326
2021-04-29,324
2021-04-30,328
2021-05-03,327
2021-05-04,332
2021-05-05,329
2021-05-06,330
2021-05-07,327
2021-05-10,326
2021-05-11,336
2021-05-12,334
2021-05-13,337
2021-05-14,335
2021-05-17,335
2021-05-18,335
2021-05-19,340
2021-05-20,342
2021-05-21,337
2021-05-24,337
2021-05-25,334
2021-05-26,335
2021-05-27,330
2021-05-28,329
2021-05-31,334
2021-06-01,333
2021-06-02,331
2021-06-03,328
2021-06-04,328
2021-06-07,327
2021-06-08,326
2021-06-09,322
2021-06-10,323
2021-06-11,321
2021-06-14,317
2021-06-15,317
2021-06-16,312
2021-06-17,315
2021-06-18,318
2021-06-21,314
2021-06-22,315
2021-06-23,313
2021-06-24,308
2021-06-25,304
2021-06-28,305
2021-06-29,303
2021-06-30,304
2021-07-01,302
2021-07-02,304
2021-07-05,303
2021-07-06,305
2021-07-07,305
2021-07-08,314
2021-07-09,307
2021-07-12,305
2021-07-13,304
2021-07-14,310
2021-07-15,314
2021-07-16,318
2021-07-19,344
2021-07-20,338
2021-07-21,324
2021-07-22,324
2021-07-23,322
2021-07-26,321
2021-07-27,327
2021-07-28,326
2021-07-29,323
2021-07-30,326
2021-07-31,332
2021-08-02,336
2021-08-03,342
2021-08-04,342
2021-08-05,337
2021-08-06,332
2021-08-09,334
2021-08-10,332
2021-08-11,337
2021-08-12,334
2021-08-13,336
2021-08-16,338
2021-08-17,337
2021-08-18,335
2021-08-19,342
2021-08-20,337
2021-08-23,334
2021-08-24,326
2021-08-25,322
2021-08-26,320
2021-08-27,317
2021-08-30,316
2021-08-31,321
2021-09-01,319
2021-09-02,316
2021-09-03,314
2021-09-06,313
2021-09-07,316
2021-09-08,316
2021-09-09,315
2021-09-10,311
2021-09-13,309
2021-09-14,311
2021-09-15,308
2021-09-16,306
2021-09-17,304
2021-09-20,323
2021-09-21,317
2021-09-22,309
2021-09-23,303
2021-09-24,305
2021-09-27,306
2021-09-28,313
2021-09-29,309
2021-09-30,315
2021-10-01,320
2021-10-04,321
2021-10-05,317
2021-10-06,329
2021-10-07,319
2021-10-08,320
2021-10-11,320
2021-10-12,328
2021-10-13,325
2021-10-14,318
2021-10-15,312
2021-10-18,311
2021-10-19,309
2021-10-20,307
2021-10-21,303
2021-10-22,307
2021-10-25,311
2021-10-26,309
2021-10-27,311
2021-10-28,308
2021-10-29,308
2021-10-31,315
2021-11-01,316
2021-11-02,321
2021-11-03,318
2021-11-04,319
2021-11-05,312
2021-11-08,303
2021-11-09,308
2021-11-10,306
2021-11-11,306
2021-11-12,309
2021-11-15,310
2021-11-16,312
2021-11-17,317
2021-11-18,319
2021-11-19,324
2021-11-22,318
2021-11-23,330
2021-11-24,332
2021-11-25,332
2021-11-26,362
2021-11-29,353
2021-11-30,367
2021-12-01,358
2021-12-02,354
2021-12-03,356
2021-12-06,341
2021-12-07,316
2021-12-08,321
2021-12-09,325
2021-12-10,329
2021-12-13,333
2021-12-14,335
2021-12-15,333
2021-12-16,332
2021-12-17,336
2021-12-20,341
2021-12-21,325
2021-12-22,321
2021-12-23,312
2021-12-27,302
2021-12-28,301
2021-12-29,303
2021-12-30,309
2021-12-31,310
2022-01-03,305
2022-01-04,309
2022-01-05,307
2022-01-06,315
2022-01-07,320
2022-01-10,324
2022-01-11,318
2022-01-12,306
2022-01-13,310
2022-01-14,309
2022-01-17,309
2022-01-18,312
2022-01-19,311
2022-01-20,310
2022-01-21,329
2022-01-24,344
2022-01-25,339
2022-01-26,325
2022-01-27,346
2022-01-28,361
2022-01-31,363
2022-02-01,351
2022-02-02,345
2022-02-03,351
2022-02-04,356
2022-02-07,360
2022-02-08,355
2022-02-09,346
2022-02-10,344
2022-02-11,366
2022-02-14,374
2022-02-15,367
2022-02-16,368
2022-02-17,374
2022-02-18,378
2022-02-21,378
2022-02-22,375
2022-02-23,372
2022-02-24,393
2022-02-25,362
2022-02-28,377
2022-03-01,389
2022-03-02,371
2022-03-03,371
2022-03-04,390
2022-03-07,401
2022-03-08,403
2022-03-09,394
2022-03-10,400
2022-03-11,405
2022-03-14,416
2022-03-15,421
2022-03-16,396
2022-03-17,381
2022-03-18,381
2022-03-21,367
2022-03-22,370
2022-03-23,372
2022-03-24,367
2022-03-25,351
2022-03-28,354
2022-03-29,338
2022-03-30,333
2022-03-31,343
2022-04-01,340
2022-04-04,333
2022-04-05,327
2022-04-06,348
2022-04-07,354
2022-04-08,357
2022-04-11,373
2022-04-12,375
2022-04-13,377
2022-04-14,368
2022-04-18,364
2022-04-19,358
2022-04-20,356
2022-04-21,350
2022-04-22,365
2022-04-25,380
2022-04-26,383
2022-04-27,389
2022-04-28,383
2022-04-29,393
2022-04-30,397
2022-05-02,405
2022-05-03,397
2022-05-04,410
2022-05-05,403
2022-05-06,418
2022-05-09,447
2022-05-10,452
2022-05-11,455
2022-05-12,477
2022-05-13,463
2022-05-16,471
2022-05-17,460
2022-05-18,484
2022-05-19,492
2022-05-20,491
2022-05-23,482
2022-05-24,494
2022-05-25,474
2022-05-26,438
2022-05-27,419
2022-05-30,419
2022-05-31,422
2022-06-01,413
2022-06-02,415
2022-06-03,421
2022-06-06,419
2022-06-07,434
2022-06-08,434
2022-06-09,442
2022-06-10,451
2022-06-13,487
2022-06-14,490
2022-06-15,482
2022-06-16,517
2022-06-17,515
2022-06-20,515
2022-06-21,505
2022-06-22,532
2022-06-23,538
2022-06-24,518
2022-06-27,511
2022-06-28,526
2022-06-29,562
2022-06-30,587
2022-07-01,592
2022-07-04,593
2022-07-05,599
2022-07-06,580
2022-07-07,550
2022-07-08,536
2022-07-11,544
2022-07-12,543
2022-07-13,547
2022-07-14,553
2022-07-15,539
2022-07-18,525
2022-07-19,510
2022-07-20,490
2022-07-21,499
2022-07-22,496
2022-07-25,495
2022-07-26,506
2022-07-27,507
2022-07-28,498
2022-07-29,477
2022-07-31,483
2022-08-01,480
2022-08-02,461
2022-08-03,454
2022-08-04,455
2022-08-05,444
2022-08-08,441
2022-08-09,446
2022-08-10,433
2022-08-11,421
2022-08-12,425
2022-08-15,424
2022-08-16,425
2022-08-17,433
2022-08-18,437
2022-08-19,445
2022-08-22,462
2022-08-23,468
2022-08-24,461
2022-08-25,460
2022-08-26,465
2022-08-29,478
2022-08-30,490
2022-08-31,503
2022-09-01,508
2022-09-02,506
2022-09-05,507
2022-09-06,498
2022-09-07,497
2022-09-08,480
2022-09-09,457
2022-09-12,450
2022-09-13,468
2022-09-14,474
2022-09-15,477
2022-09-16,500
2022-09-19,488
2022-09-20,488
2022-09-21,487
2022-09-22,491
2022-09-23,512
2022-09-26,518
2022-09-27,522
2022-09-28,547
2022-09-29,550
2022-09-30,543
2022-10-03,543
2022-10-04,512
2022-10-05,509
2022-10-06,495
2022-10-07,502
2022-10-10,503
2022-10-11,525
2022-10-12,531
2022-10-13,525
2022-10-14,515
2022-10-17,504
2022-10-18,495
2022-10-19,497
2022-10-20,489
2022-10-21,499
2022-10-24,491
2022-10-25,488
2022-10-26,480
2022-10-27,476
2022-10-28,454
2022-10-31,463
2022-11-01,461
2022-11-02,462
2022-11-03,481
2022-11-04,477
2022-11-07,471
2022-11-08,479
2022-11-09,499
2022-11-10,480
2022-11-11,481
2022-11-14,467
2022-11-15,464
2022-11-16,471
2022-11-17,475
2022-11-18,465
2022-11-21,464
2022-11-22,457
2022-11-23,451
2022-11-24,451
2022-11-25,452
2022-11-28,463
2022-11-29,463
2022-11-30,455
2022-12-01,448
2022-12-02,450
2022-12-05,443
2022-12-06,457
2022-12-07,468
2022-12-08,455
2022-12-09,446
2022-12-12,440
2022-12-13,434
2022-12-14,437
2022-12-15,454
2022-12-16,467
2022-12-19,467
2022-12-20,468
2022-12-21,456
2022-12-22,461
2022-12-23,459
2022-12-27,455
2022-12-28,477
2022-12-29,481
2022-12-30,479
2022-12-31,481
2023-01-03,470
2023-01-04,462
2023-01-05,458
2023-01-06,447
2023-01-09,437
2023-01-10,433
2023-01-11,430
2023-01-12,429
2023-01-13,421
2023-01-16,419
2023-01-17,419
2023-01-18,425
2023-01-19,439
2023-01-20,435
2023-01-23,427
2023-01-24,433
2023-01-25,435
2023-01-26,424
2023-01-27,423
2023-01-30,426
2023-01-31,430
2023-02-01,431
2023-02-02,394
2023-02-03,395
2023-02-06,399
2023-02-07,399
2023-02-08,407
2023-02-09,405
2023-02-10,424
2023-02-13,423
2023-02-14,415
2023-02-15,418
2023-02-16,424
2023-02-17,438
2023-02-20,438
2023-02-21,449
2023-02-22,441
2023-02-23,430
2023-02-24,428
2023-02-27,421
2023-02-28,422
2023-03-01,417
2023-03-02,418
2023-03-03,405
2023-03-06,397
2023-03-07,398
2023-03-08,409
2023-03-09,427
2023-03-10,461
2023-03-13,503
2023-03-14,474
2023-03-15,520
2023-03-16,493
2023-03-17,517
2023-03-20,515
2023-03-21,485
2023-03-22,500
2023-03-23,510
2023-03-24,522
2023-03-27,503
2023-03-28,501
2023-03-29,483
2023-03-30,474
2023-03-31,458
2023-04-03,458
2023-04-04,473
2023-04-05,484
2023-04-06,484
2023-04-10,470
2023-04-11,463
2023-04-12,462
2023-04-13,449
2023-04-14,443
2023-04-17,441
2023-04-18,437
2023-04-19,441
2023-04-20,454
2023-04-21,446
2023-04-24,448
2023-04-25,464
2023-04-26,463
2023-04-27,448
2023-04-28,450
2023-04-30,453
2023-05-01,445
2023-05-02,470
2023-05-03,479
2023-05-04,495
2023-05-05,477
2023-05-08,472
2023-05-09,474
2023-05-10,478
2023-05-11,481
2023-05-12,476
2023-05-15,477
2023-05-16,479
2023-05-17,475
2023-05-18,469
2023-05-19,462
2023-05-22,454
2023-05-23,460
2023-05-24,468
2023-05-25,458
2023-05-26,453
2023-05-29,454
2023-05-30,458
2023-05-31,469
2023-06-01,465
2023-06-02,437
2023-06-05,439
2023-06-06,439
2023-06-07,433
2023-06-08,439
2023-06-09,429
2023-06-12,434
2023-06-13,418
2023-06-14,418
2023-06-15,421
2023-06-16,415
2023-06-19,415
2023-06-20,422
2023-06-21,432
2023-06-22,430
2023-06-23,440
2023-06-26,445
2023-06-27,430
2023-06-28,427
2023-06-29,414
2023-06-30,405
2023-07-03,399
2023-07-04,399
2023-07-05,401
2023-07-06,410
2023-07-07,408
2023-07-10,413
2023-07-11,405
2023-07-12,395
2023-07-13,397
2023-07-14,390
2023-07-17,397
2023-07-18,390
2023-07-19,389
2023-07-20,390
2023-07-21,389
2023-07-24,382
2023-07-25,384
2023-07-26,391
2023-07-27,378
2023-07-28,382
2023-07-31,379
2023-08-01,382
2023-08-02,396
2023-08-03,398
2023-08-04,401
2023-08-07,397
2023-08-08,400
2023-08-09,394
2023-08-10,383
2023-08-11,383
2023-08-14,379
2023-08-15,385
2023-08-16,381
2023-08-17,395
2023-08-18,402
2023-08-21,397
2023-08-22,393
2023-08-23,392
2023-08-24,391
2023-08-25,390
2023-08-28,386
2023-08-29,387
2023-08-30,380
2023-08-31,385
2023-09-01,381
2023-09-04,381
2023-09-05,383
2023-09-06,386
2023-09-07,390
2023-09-08,385
2023-09-11,382
2023-09-12,384
2023-09-13,385
2023-09-14,378
2023-09-15,379
2023-09-18,382
2023-09-19,382
2023-09-20,377
2023-09-21,389
2023-09-22,393
2023-09-25,397
2023-09-26,404
2023-09-27,403
2023-09-28,409
2023-09-29,403
2023-09-30,403
2023-10-02,411
2023-10-03,426
2023-10-04,437
2023-10-05,438
2023-10-06,433
2023-10-09,434
2023-10-10,426
2023-10-11,425
2023-10-12,425
2023-10-13,430
2023-10-16,427
2023-10-17,425
2023-10-18,432
2023-10-19,437
2023-10-20,452
2023-10-23,451
2023-10-24,441
2023-10-25,437
2023-10-26,450
2023-10-27,453
2023-10-30,450
2023-10-31,442
2023-11-01,447
2023-11-02,415
2023-11-03,404
2023-11-06,400
2023-11-07,408
2023-11-08,408
2023-11-09,404
2023-11-10,403
2023-11-13,403
2023-11-14,392
2023-11-15,389
2023-11-16,402
2023-11-17,399
2023-11-20,392
2023-11-21,395
2023-11-22,390
2023-11-23,390
2023-11-24,385
2023-11-27,389
2023-11-28,390
2023-11-29,380
2023-11-30,384
2023-12-01,387
2023-12-04,380
2023-12-05,380
2023-12-06,379
2023-12-07,377
2023-12-08,375
2023-12-11,379
2023-12-12,376
2023-12-13,379
2023-12-14,347
2023-12-15,351
2023-12-18,351
2023-12-19,346
2023-12-20,343
2023-12-21,341
2023-12-22,339
2023-12-26,337
2023-12-27,334
2023-12-28,332
2023-12-29,334
2023-12-31,339
2024-01-02,354
2024-01-03,371
2024-01-04,369
2024-01-05,368
2024-01-08,363
2024-01-09,359
2024-01-10,350
2024-01-11,355
2024-01-12,356
2024-01-15,354
2024-01-16,358
2024-01-17,362
2024-01-18,358
2024-01-19,354
2024-01-22,349
2024-01-23,351
2024-01-24,344
2024-01-25,345
2024-01-26,339
2024-01-29,341
2024-01-30,342
2024-01-31,359
2024-02-01,356
2024-02-02,347
2024-02-05,350
2024-02-06,352
2024-02-07,343
2024-02-08,338
2024-02-09,333
2024-02-12,335
2024-02-13,336
2024-02-14,338
2024-02-15,335
2024-02-16,334
2024-02-19,334
2024-02-20,337
2024-02-21,334
2024-02-22,322
2024-02-23,323
2024-02-26,323
2024-02-27,326
2024-02-28,331
2024-02-29,329
2024-03-01,332
2024-03-04,326
2024-03-05,331
2024-03-06,327
2024-03-07,327
2024-03-08,326
2024-03-11,326
2024-03-12,320
2024-03-13,315
2024-03-14,315
2024-03-15,316
2024-03-18,313
2024-03-19,310
2024-03-20,314
2024-03-21,305
2024-03-22,308
2024-03-25,311
2024-03-26,315
2024-03-27,315
2024-03-28,312
2024-03-31,315
2024-04-01,312
2024-04-02,323
2024-04-03,323
2024-04-04,324
2024-04-05,318
2024-04-08,315
2024-04-09,314
2024-04-10,310
2024-04-11,316
2024-04-12,325
2024-04-15,328
2024-04-16,336
2024-04-17,342
2024-04-18,339
2024-04-19,337
2024-04-22,329
2024-04-23,320
2024-04-24,319
2024-04-25,324
2024-04-26,316
2024-04-29,312
2024-04-30,318
2024-05-01,321
2024-05-02,316
2024-05-03,308
2024-05-06,303
2024-05-07,306
2024-05-08,310
2024-05-09,314
2024-05-10,312
2024-05-13,314
2024-05-14,314
2024-05-15,313
2024-05-16,308
2024-05-17,309
2024-05-20,307
2024-05-21,307
2024-05-22,311
2024-05-23,310
2024-05-24,311
2024-05-27,312
2024-05-28,309
2024-05-29,315
2024-05-30,319
2024-05-31,320
2024-06-03,317
2024-06-04,322
2024-06-05,320
2024-06-06,320
2024-06-07,315
2024-06-10,315
2024-06-11,319
2024-06-12,309
2024-06-13,320
2024-06-14,329
2024-06-17,326
2024-06-18,324
2024-06-19,324
2024-06-20,323
2024-06-21,321
2024-06-24,319
2024-06-25,319
2024-06-26,318
2024-06-27,321
2024-06-28,318
2024-06-30,321
2024-07-01,321
2024-07-02,323
2024-07-03,325
2024-07-04,325
2024-07-05,327
2024-07-08,320
2024-07-09,321
2024-07-10,317
2024-07-11,318
2024-07-12,319
2024-07-15,313
2024-07-16,308
2024-07-17,309
2024-07-18,309
2024-07-19,309
2024-07-22,305
2024-07-23,302
2024-07-24,310
2024-07-25,308
2024-07-26,310
2024-07-29,313
2024-07-30,320
2024-07-31,325
2024-08-01,335
2024-08-02,372
2024-08-05,393
2024-08-06,367
2024-08-07,357
2024-08-08,348
2024-08-09,349
2024-08-12,352
2024-08-13,354
2024-08-14,346
2024-08-15,331
2024-08-16,329
2024-08-19,321
2024-08-20,325
2024-08-21,327
2024-08-22,321
2024-08-23,319
2024-08-26,315
2024-08-27,317
2024-08-28,319
2024-08-29,315
2024-08-30,313
2024-08-31,317
2024-09-02,317
2024-09-03,331
2024-09-04,335
2024-09-05,329
2024-09-06,339
2024-09-09,336
2024-09-10,346
2024-09-11,344
2024-09-12,339
2024-09-13,337
2024-09-16,332
2024-09-17,325
2024-09-18,321
2024-09-19,310
2024-09-20,315
2024-09-23,315
2024-09-24,321
2024-09-25,319
2024-09-26,314
2024-09-27,314
2024-09-30,303
2024-10-01,307
2024-10-02,306
2024-10-03,304
2024-10-04,289
2024-10-07,295
2024-10-08,299
2024-10-09,294
2024-10-10,299
2024-10-11,298
2024-10-14,297
2024-10-15,293
2024-10-16,290
2024-10-17,289
2024-10-18,288
2024-10-21,288
2024-10-22,292
2024-10-23,295
2024-10-24,293
2024-10-25,289
2024-10-28,282
2024-10-29,285
2024-10-30,280
2024-10-31,288
2024-11-01,283
2024-11-04,287
2024-11-05,286
2024-11-06,274
2024-11-07,273
2024-11-08,263
2024-11-11,263
2024-11-12,261
2024-11-13,264
2024-11-14,260
2024-11-15,272
2024-11-18,272
2024-11-19,269
2024-11-20,267
2024-11-21,261
2024-11-22,261
2024-11-25,264
2024-11-26,268
2024-11-27,269
2024-11-28,269
2024-11-29,272
2024-11-30,274
2024-12-02,268
2024-12-03,266
2024-12-04,266
2024-12-05,266
2024-12-06,267
2024-12-09,267
2024-12-10,267
2024-12-11,264
2024-12-12,266
2024-12-13,268
2024-12-16,269
2024-12-17,275
2024-12-18,273
2024-12-19,291
2024-12-20,286
2024-12-23,285
2024-12-24,286
2024-12-26,286
2024-12-27,284
2024-12-30,294
2024-12-31,292
2025-01-02,288
2025-01-03,281
2025-01-06,276
2025-01-07,279
2025-01-08,284
2025-01-09,282
2025-01-10,281
2025-01-13,285
2025-01-14,280
2025-01-15,272
2025-01-16,273
2025-01-17,264
2025-01-20,264
2025-01-21,261
2025-01-22,259
2025-01-23,261
2025-01-24,260
2025-01-27,266
2025-01-28,266
2025-01-29,268
2025-01-30,267
2025-01-31,268
2025-02-03,273
2025-02-04,271
2025-02-05,269
2025-02-06,266
2025-02-07,267
2025-02-10,266
2025-02-11,266
2025-02-12,265
2025-02-13,265
2025-02-14,262
2025-02-17,262
2025-02-18,262
2025-02-19,268
2025-02-20,266
2025-02-21,278
2025-02-24,278
2025-02-25,284
2025-02-26,281
2025-02-27,281
2025-02-28,287
2025-03-03,294
2025-03-04,299
2025-03-05,288
2025-03-06,299
2025-03-07,297
2025-03-10,316
2025-03-11,322
2025-03-12,320
2025-03-13,340
2025-03-14,325
2025-03-17,318
2025-03-18,323
2025-03-19,319
2025-03-20,317
2025-03-21,321
2025-03-24,305
2025-03-25,309
2025-03-26,319
2025-03-27,327
2025-03-28,347
2025-03-31,355
2025-04-01,350
2025-04-02,342
2025-04-03,401
2025-04-04,445
2025-04-07,461
2025-04-08,457
2025-04-09,437
2025-04-10,442
2025-04-11,426
2025-04-14,414
2025-04-15,409
2025-04-16,416
2025-04-17,402
2025-04-21,416
2025-04-22,399
2025-04-23,375
2025-04-24,373
2025-04-25,367
2025-04-28,373
2025-04-29,374
2025-04-30,394
2025-05-01,378
2025-05-02,360
2025-05-05,360
2025-05-06,366
2025-05-07,367
2025-05-08,351
2025-05-09,353
2025-05-12,315
2025-05-13,309
2025-05-14,310
2025-05-15,320
2025-05-16,316
2025-05-19,321
2025-05-20,320
2025-05-21,325
2025-05-22,332
2025-05-23,340
2025-05-26,340
2025-05-27,324
2025-05-28,323
2025-05-29,322
2025-05-30,331
2025-05-31,332
2025-06-02,327
2025-06-03,319
2025-06-04,323
2025-06-05,318
2025-06-06,309
2025-06-09,312
2025-06-10,312
2025-06-11,312
2025-06-12,317
2025-06-13,318
2025-06-16,310
2025-06-17,317
2025-06-18,316
2025-06-19,316
2025-06-20,313
2025-06-23,312
2025-06-24,306
2025-06-25,304
2025-06-26,304
2025-06-27,302
2025-06-30,296
2025-07-01,291
2025-07-02,288
2025-07-03,280
2025-07-04,280
2025-07-07,286
2025-07-08,292
2025-07-09,294
2025-07-10,292
2025-07-11,297
2025-07-14,295
2025-07-15,295
2025-07-16,300
2025-07-17,291
2025-07-18,293
2025-07-21,289
2025-07-22,290
2025-07-23,283
2025-07-24,282
2025-07-25,284
2025-07-28,282
2025-07-29,286
2025-07-30,289
2025-07-31,286
2025-08-01,313
2025-08-04,302
2025-08-05,298
2025-08-06,298
2025-08-07,295
2025-08-08,294
2025-08-11,294
2025-08-12,293
2025-08-13,290
2025-08-14,289
2025-08-15,288
2025-08-18,288
2025-08-19,290
2025-08-20,294
2025-08-21,295
2025-08-22,288
2025-08-25,280
2025-08-26,278
2025-08-27,278
2025-08-28,275
2025-08-29,282
2025-08-31,284
2025-09-01,284
2025-09-02,292
2025-09-03,288
2025-09-04,284
2025-09-05,283
2025-09-08,284
2025-09-09,287
2025-09-10,284
2025-09-11,278
2025-09-12,279
2025-09-15,275
2025-09-16,279
2025-09-17,279
2025-09-18,271
2025-09-19,272
2025-09-22,269
2025-09-23,271
2025-09-24,270
2025-09-25,276
2025-09-26,275
2025-09-29,274
2025-09-30,280
2025-10-01,281
2025-10-02,281
2025-10-03,280
2025-10-06,276
2025-10-07,282
2025-10-08,284
2025-10-09,295
2025-10-10,318
2025-10-13,318
2025-10-14,311
2025-10-15,295
2025-10-16,304
2025-10-17,304
2025-10-20,299
2025-10-21,297
2025-10-22,301
2025-10-23,296
2025-10-24,288
2025-10-27,280
2025-10-28,282
2025-10-29,276
2025-10-30,285
2025-10-31,294
2025-11-03,304
2025-11-04,313
2025-11-05,305
2025-11-06,313
2025-11-07,315
2025-11-10,302
2025-11-11,302
2025-11-12,302
2025-11-13,309
2025-11-14,307
2025-11-17,313
2025-11-18,320
2025-11-19,317
2025-11-20,317
2025-11-21,319
2025-11-24,315
2025-11-25,310
2025-11-26,300
2025-11-27,300
2025-11-28,295
2025-11-30,292
2025-12-01,294
2025-12-02,292
2025-12-03,289
2025-12-04,288
2025-12-05,285
2025-12-08,289
2025-12-09,289
2025-12-10,291
2025-12-11,288
2025-12-12,291
2025-12-15,291
2025-12-16,298
2025-12-17,299
2025-12-18,295
2025-12-19,290
2025-12-22,288
2025-12-23,283
2025-12-24,284
2025-12-26,286
2025-12-29,287
2025-12-30,284
2025-12-31,281
2026-01-02,283
2026-01-05,281
2026-01-06,279
2026-01-07,279
2026-01-08,276
2026-01-09,274
2026-01-12,274
2026-01-13,275
2026-01-14,276
2026-01-15,271
2026-01-16,265
2026-01-19,265
2026-01-20,273
2026-01-21,269
2026-01-22,264
2026-01-23,268
2026-01-26,269
2026-01-27,271
2026-01-28,272
2026-01-29,277
2026-01-30,280
2026-01-31,288
2026-02-02,281
2026-02-03,285
2026-02-04,286
2026-02-05,297
2026-02-06,287
2026-02-09,284
2026-02-10,286
2026-02-11,284
2026-02-12,292
2026-02-13,295
2026-02-16,294
2026-02-17,294
2026-02-18,286
2026-02-19,288
2026-02-20,286
2026-02-23,295
2026-02-24,297
2026-02-25,294
2026-02-26,298
2026-02-27,310
2026-02-28,312
2026-03-02,303
2026-03-03,308
2026-03-04,297
2026-03-05,300
2026-03-06,313
2026-03-09,319
2026-03-10,306
2026-03-11,309
2026-03-12,317
2026-03-13,328
2026-03-16,327
2026-03-17,322
2026-03-18,320
2026-03-19,327
2026-03-20,324
2026-03-23,319
2026-03-24,319
2026-03-25,317
2026-03-26,321
2026-03-27,342
2026-03-30,346
2026-03-31,328
2026-04-01,316
2026-04-02,317
2026-04-03,313
2026-04-06,305
2026-04-07,312
2026-04-08,294
2026-04-09,290
2026-04-10,294
2026-04-13,295
2026-04-14,284
2026-04-15,285
2026-04-16,286
2026-04-17,283
2026-04-20,287
2026-04-21,285
2026-04-22,284
2026-04-23,286
2026-04-24,286
2026-04-27,284
2026-04-28,285
2026-04-29,282
2026-04-30,283
2026-05-01,277
2026-05-04,278
2026-05-05,277
2026-05-06,275
2026-05-07,279
2026-05-08,281
2026-05-11,279
2026-05-12,282
2026-05-13,282
2026-05-14,276
2026-05-15,280
2026-05-18,283
2026-05-19,286
2026-05-20,280
2026-05-21,278
2026-05-22,274
2026-05-25,274
2026-05-26,272
2026-05-27,271
2026-05-28,272
2026-05-29,272
2026-05-31,274
2026-06-01,272
2026-06-02,271
2026-06-03,275
2026-06-04,274
2026-06-05,276
2026-06-08,275
2026-06-09,278
2026-06-10,280
2026-06-11,278
2026-06-12,271
2026-06-15,266
2026-06-16,271
2026-06-17,263
2026-06-18,266
2026-06-19,266
2026-06-22,265
2026-06-23,271
2026-06-24,276
2026-06-25,278
2026-06-26,283
2026-06-29,280
2026-06-30,275
2026-07-01,274
2026-07-02,275
2026-07-03,274
2026-07-06,272
2026-07-07,267
2026-07-08,270
2026-07-09,270
2026-07-10,269
2026-07-13,269
2026-07-14,272
2026-07-15,271
2026-07-16,271
2026-07-17,273
2026-07-20,269
2026-07-21,269
2026-07-22,268
2026-07-23,277
2026-07-24,279
2026-07-27,281
2026-07-28,284
2026-07-29,287
2026-07-30,284
2026-07-31,285
2026-08-03,278
2026-08-04,273
2026-08-05,275
2026-08-06,271
2026-08-07,270
